DA_18_BigGrabBag	Túi Đồ Cỡ Đại	Big Grab Bag	2	Nhận 3 trang bị thành phần ngẫu nhiên, 2 vàng và 1 Búa Rèn.
DA_18_BlossomTraitAugment	Tiếng Gọi Hoa Linh	Blossom's Call	2	Khi mua 1 Tinh Linh, nhận 1 tướng Hoa Linh ngẫu nhiên theo giá Tinh Linh. Nhận 1 Yunara, 1 Yorick và 1 Karma.
DA_18_BranchingOut	Phân Nhánh	Branching Out	1	Nhận 1 Ấn ngẫu nhiên.
DA_18_BranchingOutPlus	Phân Nhánh+	Branching Out+	1	Nhận 1 Ấn ngẫu nhiên và 1 Búa Rèn.
DA_18_CaretakersAlly	Đồng Minh Của Bụt	Caretaker's Ally	1	Nhận ngay 1 tướng 2 vàng ngẫu nhiên. Mỗi lần lên cấp, nhận lại tướng này.
DA_18_CovenTraitAugment	Tín Đồ Tiên Hắc Ám	Coven Acolyte	2	Khi chọn tiếp tục tích Tinh Hoa Tiên Hắc Ám, hồi 2 máu Linh Thú. Nhận 1 Camille, 1 Elise và 1 Caitlyn.
DA_18_CovenTraitAugment_LootToAP	Tà Thuật	Dark Ritual	2	Đổi Tinh Hoa Tiên Hắc Ám thành Sức Mạnh Phép Thuật cho tướng Tiên Hắc Ám thay vì báu vật. Nhận 1 Camille.
DA_18_DuoQueue	Hàng Chờ Đấu Đôi	Duo Queue	2	Nhận 2 tướng 5 vàng ngẫu nhiên và 2 bản sao của một trang bị thành phần ngẫu nhiên.
DA_18_ElderwoodTraitAugment	Thiên Nhiên Che Chở	Nature's Shelter	2	Tướng đứng cạnh cây Thần Rừng nhận 15% Tốc Độ Đánh và hồi 2% Máu tối đa mỗi 2 giây. Nhận 1 Alistar, 1 Ornn.
DA_18_FOURcing	Ép Bốn	FOURcing	2	Nhận 1 tướng 4 vàng ngẫu nhiên. Mỗi trang bị gắn trên tướng đó cho cả đội 100 Máu.
DA_18_FaeTraitAugment	Hóa Lớn	Embiggen	2	Pix Tiên Linh lớn hơn, cho thêm 50% Sức Mạnh Công Kích & Phép Thuật. Tướng Tiên Linh nhận thêm Máu.
DA_18_FloraFatalisAugment	Thực Vật Hấp Thụ	Consuming Flora	2	Nhận 1 Ấn Thực Vật. Tướng mang ấn được tăng hiệu ứng Thực Vật. Nhận 3 vàng.
DA_18_GoodForSomethingI	Được Cái Này Mất Cái Kia I	Good For Something I	1	Tướng không mang trang bị có xác suất rơi 1 vàng khi bị hạ.
DA_18_InfernoTraitAugment	Bùng Cháy	Flame On	1	Tướng Hỏa Ngục 1 và 2 vàng nhận thêm Sức Mạnh Công Kích và Phép Thuật.
DA_18_LunarTraitAugment	Mặt Trời và Mặt Trăng	Sun and Moon	2	Tướng Mặt Trăng nhận 100 Máu và 8% Khuếch Đại Sát Thương với mỗi tướng Mặt Trời khác nhau trên sân.
DA_18_LunarTraitAugmentPlus	Mặt Trời và Mặt Trăng+	Sun and Moon+	2	Như Mặt Trời và Mặt Trăng, kèm thêm tướng.
DA_18_LuxAugmentII	Tinh Thông Mọi Tộc	Master of All Origins	3	Chọn 1 tộc/hệ, nhận 1 Lux mang tộc/hệ đó và 1 Ngọn Giáo Shojin.
DA_18_OneTwoFive	Một, Hai, Năm!	One, Two, Five!	1	Nhận 1 trang bị thành phần ngẫu nhiên, 2 vàng và 1 tướng 5 vàng ngẫu nhiên.
DA_18_OnesTwosThree	Một, Hai, Ba	Ones Two Three	1	Nhận vài tướng 1 vàng, 2 vàng và 3 vàng.
DA_18_PrimalAugmentPlus_Nidalee	Quái Thú Bên Trong+	Beast Within+	2	Tướng Nguyên Sinh cho thêm một Phước Lành. Nhận 1 Vi và 1 Nidalee.
DA_18_PrimalAugment_Nidalee	Quái Thú Bên Trong	Beast Within	2	Tướng Nguyên Sinh cho thêm một Phước Lành. Nhận 1 Vi ngay và 1 Nidalee sau vài vòng.
DA_18_ResidualMagic	Dư Âm Ma Thuật	Residual Magic	1	Cả đội +60 Máu. Mỗi lần mua Tinh Linh, tăng hiệu ứng.
DA_18_ResidualMagicPlus	Dư Âm Ma Thuật +	Residual Magic +	1	Cả đội +75 Máu. Mỗi lần mua Tinh Linh, tăng hiệu ứng.
DA_18_ResidualMagicPlusPlus	Dư Âm Ma Thuật ++	Residual Magic ++	1	Cả đội +90 Máu. Mỗi lần mua Tinh Linh, tăng hiệu ứng.
DA_18_RiftbeastTraitAugment	Quái Rừng Omega	Omega Riftbeast	2	Chọn thêm Quái Rừng Đầu Đàn thứ hai. Nhận 1 Cua Kỳ Cục, 1 Mầm Non và 1 Sỏi.
DA_18_RivalsAugment	Không Đối Thủ	Unrivaled	2	Đưa Rengar và Kha'Zix ra sân cùng nhau, mỗi con mạnh thêm khi con kia tung chiêu.
DA_18_SolarTraitAugment	Sự Lựa Chọn của Mặt Trời	Chosen of the Sun	2	Nhận 1 Leona, 1 Kayle, 1 Sejuani. Leona nhận Máu tối đa vĩnh viễn mỗi vòng.
DA_18_SprykinAugment	Lông Xù Bé Nhỏ	Small Furry Friend	2	Khi kích hoạt Tinh Nghịch, triệu hồi thêm một Lông Xù thứ hai. Nhận 1 Teemo, 1 Veigar, 1 Kobuko.
DA_18_WeightTheWorth	Xứng Đáng Chờ Đợi	Weight The Worth	2	Lần đầu nâng 1 tướng lên 3 sao, nhận 1 bản sao tướng đó mỗi vòng đến hết trận.
DA_18_WispRebatePlus	Tinh Linh Hoàn Tiền	Wisp Rebate	1	Mỗi lần mua Tinh Linh, nhận 2 vàng. Nhận ngay một ít vàng.
DA_18_WispRebatePlusPlus	Tinh Linh Hoàn Tiền+	Wisp Rebate+	1	Mỗi lần mua Tinh Linh, nhận 2 vàng. Nhận ngay nhiều vàng hơn.
DA_AdvancedLoan	Vay Tạm Ứng	Advanced Loan	2	Nhận vàng ngay. Lõi tiếp theo bị giảm 1 bậc.
DA_AdvancedLoanPlus	Vay Tạm Ứng+	Advanced Loan+	2	Nhận nhiều vàng hơn. Lõi tiếp theo bị giảm 1 bậc.
DA_ArcaneViktory	Arcane Viktor-y	Arcane Viktor-y	2	Sau vài giây giao tranh, làm choáng đội địch 1.5 giây, lặp lại sau đó.
DA_Ascension	Thăng Hoa	Ascension	2	Sau 12 giây giao tranh, cả đội nhận thêm 35% Khuếch Đại Sát Thương.
DA_AugmentedPower	Nâng Tầm Uy Lực	Augmented Power	1	Lõi tiếp theo được tăng một bậc.
DA_BacklineBlueprint	Sơ Đồ Tuyến Sau	Backline Blueprint	2	Nhận 1 tướng 3 vàng (không phải Đỡ Đòn) và 1 Ấn hợp với hệ của tướng đó.
DA_BackupBows	Cung Dự Phòng	Backup Bows	1	Nhận 1 Cung Gỗ. Sau 1000 đòn đánh, nhận thêm Cung Gỗ.
DA_BandOfThieves	Băng Trộm	Band of Thieves	1	Nhận Găng Đạo Tặc.
DA_BandOfThievesII	Băng Trộm II	Band of Thieves II	3	Nhận Găng Đạo Tặc. Sau vài giao tranh, nhận thêm 1 Găng Đạo Tặc.
DA_BandOfThievesIIPlus	Băng Trộm II+	Band of Thieves II+	3	Nhận Găng Đạo Tặc, sau vài giao tranh nhận thêm 1.
DA_BandOfThievesIIPlusPlus	Băng Trộm II++	Band of Thieves II++	3	Nhận Găng Đạo Tặc, sau vài giao tranh nhận thêm 1.
DA_BaronsLair	Hang Ổ Baron	Baron's Lair	3	Nhận 1 trang bị Đỡ Đòn ngẫu nhiên. Sau 8 giây giao tranh, cả đội tăng dần Sức Mạnh Công Kích và Phép Thuật.
DA_BeltOverflow	Đam Mê Đai Lưng	Belt Overflow	3	Nhận Đai Khổng Lồ. Đai Khổng Lồ cho thêm Máu.
DA_BirthdayPresent	Quà Sinh Nhật	Birthday Present	3	Nhận 1 tướng 2 sao và 1 vàng mỗi lần lên cấp.
DA_BirthdayReunion	Sinh Nhật Đoàn Tụ	Birthday Reunion	2	Nhận tướng 2 sao ngẫu nhiên; ở các mốc cấp nhận thêm đồ và tướng.
DA_BlackthornTraitAugment	Chiết Xuất Trang Bị	Item Extraction	2	3 lần đầu hiến tế tướng trên ô Gai Đen, nhận bản sao 1 trang bị thành phần tướng đó đang mang.
DA_BodyguardTraining	Huấn Luyện Cận Vệ	Bodyguard Training	2	Đồng minh nhận 15 Giáp và Kháng Phép, tăng theo cấp người chơi.
DA_BonusGift	Quà Tặng Thêm	Bonus Gifts	2	Mỗi lần mở hộp vật phẩm, 25% nhận thêm 1 hộp xám.
DA_BonusGiftPlus	Quà Tặng Thêm+	Bonus Gifts+	2	Mỗi lần mở hộp vật phẩm, 25% nhận thêm 1 hộp xám.
DA_BoosterPack	Gói Tăng Cường	Booster Pack	2	Nhận các tướng ngẫu nhiên với tổng giá nhất định.
DA_BoosterPackPlus	Gói Tăng Cường+	Booster Pack+	2	Nhận các tướng ngẫu nhiên với tổng giá lớn hơn.
DA_BoosterPackPlusPlus	Gói Tăng Cường++	Booster Pack++	2	Nhận các tướng ngẫu nhiên với tổng giá lớn hơn nữa.
DA_BoxingLessons	Tập Chịu Đòn	Boxing Lessons	1	Cả đội nhận Máu với mỗi tướng đứng hàng đầu.
DA_BronzeForLifeI	Tất Tay Bậc Đồng I	Bronze For Life I	2	Cả đội +2.5% Khuếch Đại Sát Thương cho mỗi tộc/hệ bậc Đồng.
DA_BronzeForLifeII	Tất Tay Bậc Đồng II	Bronze For Life II	3	+2.5% Khuếch Đại Sát Thương và 4 Giáp & Kháng Phép cho mỗi tộc/hệ bậc Đồng.
DA_BuildABud	Tự Lập Đội	Build A Bud	3	Nhận 1 tướng 1 vàng nhiều sao ngẫu nhiên và 6 vàng.
DA_BuriedTreasuresIII	Kho Báu Chôn Giấu III	Buried Treasures III	3	Nhận 1 trang bị thành phần ngay và ở đầu vài vòng tiếp theo.
DA_CallToChaos	Triệu Gọi Hỗn Mang	Call To Chaos	3	Nhận 1 phần thưởng mạnh mẽ và ngẫu nhiên.
DA_CalledShot	Đòn Quyết Định	Called Shot	1	Đặt chuỗi thắng về một mốc nhất định. Nhận 4 vàng.
DA_CapitalGainsI	Tăng Vốn I	Capital Gains I	1	Tích trữ vàng bằng lợi tức kiếm được; vòng 3-3 nhận lại một phần.
DA_CapitalGainsII	Tăng Vốn II	Capital Gains II	2	Tích trữ vàng bằng lợi tức kiếm được; vòng 3-3 nhận lại phần lớn.
DA_CaretakersFavor	Chúc Phúc Của Bụt	Caretaker's Favor	2	Nhận gói trang bị thành phần (4 lựa chọn) ở cấp 5, 6, 7 và 8.
DA_CarveAPath	Mở Lối	Carve a Path	1	Nhận 1 Kiếm B.F. Sau khi gây đủ sát thương vật lý, nhận thêm Kiếm B.F.
DA_CelestialBlessingI	Phước Lành Vũ Trụ I	Celestial Blessing I	1	Cả đội nhận Hút Máu Toàn Phần; hồi máu thừa thành lá chắn.
DA_CelestialBlessingII	Phước Lành Vũ Trụ II	Celestial Blessing II	2	Cả đội nhận Hút Máu Toàn Phần; hồi máu thừa thành lá chắn.
DA_CelestialBlessingIII	Phước Lành Vũ Trụ III	Celestial Blessing III	3	Cả đội nhận Hút Máu Toàn Phần cao; hồi máu thừa thành lá chắn.
DA_ChallengersGrace	Ân Huệ Thách Đấu	Challenger's Grace	2	Đầu giao tranh tăng Tốc Độ Đánh; khi hạ gục, lướt tới mục tiêu tiếp theo.
DA_ChampDelivery	Phân Phối Tướng	Champ Delivery	1	Nhận tướng 2 vàng. Sau 6 vòng nhận thêm tướng cùng bậc.
DA_ChampDeliveryPlus	Phân Phối Tướng+	Champ Delivery+	1	Nhận tướng 3 vàng. Sau 6 vòng nhận thêm tướng cùng bậc.
DA_ChampDeliveryPlusPlus	Phân Phối Tướng++	Champ Delivery++	1	Nhận tướng 4 vàng. Sau 6 vòng nhận thêm tướng cùng bậc.
DA_ClearMind	Thông Thoáng	Clear Mind	2	Nếu hàng chờ trống khi hết giao tranh người chơi, nhận 3 XP.
DA_ClockworkAccelerator	Động Cơ Tăng Tốc	Clockwork Accelerator	2	Cả đội +10% Tốc Độ Đánh sau mỗi vài giây giao tranh.
DA_ClutteredMind	Bừa Bộn	Cluttered Mind	2	Nhận 4 tướng rẻ. Nếu hàng chờ đầy khi hết giao tranh, nhận 3 XP.
DA_CognitiveOverload	Quá Tải Tư Duy	Cognitive Overload	2	Nhận 7 vàng, vài tướng, XP và 1 lượt đổi.
DA_CognitiveTax	Thuế Nhận Thức	Cognitive Tax	1	Nhận 8 vàng và XP.
DA_CognitiveTaxPlus	Thuế Nhận Thức+	Cognitive Tax+	1	Nhận vàng và XP.
DA_ComebackStory	Cố Gắng Lật Kèo	Comeback Story	3	Cả đội nhận Máu và Tốc Độ Đánh theo số máu người chơi đã mất.
DA_CommerceCore	Trung Tâm Thương Mại	Commerce Core	3	Nhận lượt đổi miễn phí ngay và mỗi vòng đến hết trận.
DA_ComponentBuffet	Đại Tiệc Trang Bị	Component Buffet	1	Mỗi trang bị thành phần nhận được biến thành gói để chọn. Nhận 1 thành phần.
DA_ComponentQuest	Nhiệm Vụ Trang Bị	Component Quest	3	Nhận 1 thành phần và 1 vàng; 7 lần thắng tiếp theo mỗi lần nhận 1 thành phần.
DA_CookingPot	Nồi Nấu Ăn	Cooking Pot	2	Mỗi lượt, tướng mang Xẻng/Chảo tăng vĩnh viễn Máu cho tướng gần nhất.
DA_Coronation	Lên Ngôi Vương	Coronation	3	Nhận 1 Vương Miện Chiến Thuật; đồ Chiến Thuật cho chủ sở hữu thêm chỉ số.
DA_Corrosion	Ăn Mòn	Corrosion	1	Tướng địch ở 2 hàng trên mất 4 Giáp và Kháng Phép mỗi 2 giây.
DA_CraftedCrafting	Khéo Tay Hay Làm	Crafted Crafting	1	Mỗi lần ghép 1 trang bị hoàn chỉnh, nhận lượt đổi.
DA_CryMeARiver	Giọt Lệ Bi Ai	Cry Me A River	2	Nhận 1 Nước Mắt Nữ Thần. Cả đội +1 Hồi Năng Lượng, sau một lúc tăng lên 4.
DA_CyberneticImplants_Gold	Cấy Ghép Siêu Công Nghệ	Cybernetic Implants	2	Tướng mang trang bị nhận Máu và Sức Mạnh Công Kích. Nhận 1 Kiếm B.F.
DA_CyberneticUplink_Gold	Trí Tuệ Siêu Công Nghệ	Cybernetic Uplink	2	Tướng mang trang bị nhận Máu và Hồi Năng Lượng. Nhận 1 Nước Mắt.
DA_DeadlierBlades	Kiếm Tử Thần	Deadlier Blades	2	Nhận 1 Kiếm Tử Thần, tăng vĩnh viễn 1% Sức Mạnh Công Kích mỗi lần hạ gục.
DA_DeadlierCaps	Mũ Tử Thần	Deadlier Caps	2	Nhận 1 Mũ Rabadon, tăng vĩnh viễn Sức Mạnh Phép Thuật mỗi lần hạ gục.
DA_Dummify	Hình Nhân Hóa	Dummify	1	Mất mọi tướng, nhận 1 Hình Nhân mang phần trăm tổng Máu của chúng.
DA_EarlyLearnings	Bài Học Sơ Khai	Early Learnings	2	Cả đội nhận Sức Mạnh Công Kích & Phép Thuật, tăng dần sau mỗi giao tranh.
DA_ElectrochargeI	Tụ Điện I	Electrocharge I	1	Đồng minh bị đánh đủ số lần sẽ gây sát thương phép quanh mình.
DA_ElectrochargeII	Tụ Điện II	Electrocharge II	2	Đồng minh bị đánh đủ số lần sẽ gây sát thương phép quanh mình.
DA_EpicRolldown	Xúc Xắc Hoành Tráng	Epic Rolldown	2	Khi đạt Cấp 8, nhận 20 lượt đổi Cửa Hàng.
DA_Epoch	Kỷ Nguyên	Epoch	2	Ngay và đầu mỗi giai đoạn, nhận XP và lượt đổi miễn phí.
DA_EpochPlus	Kỷ Nguyên+	Epoch+	2	Ngay và đầu mỗi giai đoạn, nhận XP và lượt đổi miễn phí (nhiều hơn).
DA_ExclusiveCustomization	Lựa Chọn Độc Quyền	Exclusive Customization	2	Nhận 1 Rương Trang Bị May Mắn, 1 Nam Châm Ma Thuật và 7 vàng.
DA_ExpectedUnexpectedness	Kỳ Vọng Bất Ngờ	Expected Unexpectedness	3	Ngay và đầu 2 giai đoạn tiếp, đổ 3 xúc xắc nhận thưởng theo tổng điểm.
DA_Expedition	Cuộc Viễn Chinh	Expedition	1	Mỗi giao tranh mất tướng ở ô phải cùng hàng dự bị; đủ 33 vàng tướng thì nhận thưởng lớn.
DA_ExplosiveGrowth	Tăng Trưởng Bùng Nổ	Explosive Growth	2	Nhận 7 XP ngay và ở đầu 3 vòng tiếp theo.
DA_ExplosiveGrowthPlus	Tăng Trưởng Bùng Nổ+	Explosive Growth+	2	Nhận XP ngay và ở đầu 3 vòng tiếp theo.
DA_ExtraBuckles	Khóa Dự Phòng	Extra Buckles	1	Nhận 1 Đai Khổng Lồ. Sau khi chịu đủ sát thương, nhận thêm Đai.
DA_FeelingLucky	Cảm Thấy May Mắn	Feeling Lucky	1	Nhận vàng rồi tung đồng xu, ngửa thì nhận thêm vàng.
DA_FindYourCenter	Tiền Vệ Trung Tâm	Find Your Center	1	Tướng đứng chính giữa hàng trên nhận 15% Khuếch Đại Sát Thương và 25% Máu tối đa.
DA_Flexible	Linh Hoạt	Flexible	2	Nhận 1 Ấn ngẫu nhiên, đầu mỗi giai đoạn nhận thêm 1. Cả đội +30 Máu mỗi Ấn đang mang.
DA_FlowingTears	Lệ Lưu Ly	Flowing Tears	1	Nhận 1 Nước Mắt. Sau khi tiêu đủ Năng Lượng, nhận thêm Nước Mắt.
DA_FocusedFire	Tập Trung Hỏa Lực	Focused Fire	1	Cả đội +10% Sức Mạnh Công Kích, tăng thêm mỗi 5 giây.
DA_ForgedInStrength	Tôi Luyện Sức Mạnh	Forged In Strength	3	Nhận Tạo Tác. Khi dưới 35 Máu, nhận thêm Tạo Tác và trang bị.
DA_FrontlineFoundation	Củng Cố Tuyến Trước	Frontline Foundation	2	Nhận 1 tướng Đỡ Đòn 1 vàng 2 sao và 1 Ấn hợp hệ của tướng đó.
DA_FutureFocused	Định Hướng Tương Lai	Future Focused	1	Mất 20 máu người chơi; sau 5 giao tranh nhận 3 tướng 4 vàng và vàng.
DA_GainGold	Nhận 21 Vàng	Gain 21 Gold	2	Nhận 21 vàng.
DA_GiantAndMighty	To Lớn & Mạnh Mẽ	Giant and Mighty	3	Cả đội hóa lớn, +200 Máu và % Máu tối đa.
DA_GildedSteel	Thép Mạ Vàng	Gilded Steel	2	Nhận 2 tướng 5 vàng. Có tướng 5 vàng trên sân thì tướng 1-4 vàng nhận 8% Chống Chịu.
DA_GlassCannon_Gold	Lấy Công Bù Thủ II	Glass Cannon II	2	Tướng hàng sau khởi đầu ít Máu hơn nhưng nhận nhiều Khuếch Đại Sát Thương.
DA_GlassCannon_Silver	Lấy Công Bù Thủ I	Glass Cannon I	1	Tướng hàng sau khởi đầu ít Máu hơn nhưng nhận 16% Khuếch Đại Sát Thương.
DA_GoingLong	Thích Mở Rộng	Going Long	3	Không còn lợi tức. Nhận vàng ngay và XP sau mỗi giao tranh người chơi.
DA_GoldDestiny	Vận Mệnh Vàng	Gold Destiny	2	Nhận 1 lõi Vàng ngẫu nhiên và 3 vàng.
DA_GoldDestinyPlus	Vận Mệnh Vàng+	Gold Destiny+	2	Nhận 1 lõi Vàng ngẫu nhiên và 5 vàng.
DA_GoldenEgg	Rồng Đẻ Trứng Vàng	The Golden Egg	3	Trứng vàng nở sau 11 vòng, cho rất nhiều báu vật. Thắng giúp nở nhanh hơn.
DA_GoldenGamble	Ván Cược Hoàng Kim	Golden Gamble	3	Nhận 2 vàng và tung xu: ngửa nhận Rương Ánh Sáng, sấp nhận 2 gói trang bị hoàn chỉnh.
DA_GoldenGamblePlus	Ván Cược Hoàng Kim+	Golden Gamble+	3	Như trên, nhận 3 vàng.
DA_GoldenGamblePlusPlus	Ván Cược Hoàng Kim++	Golden Gamble++	3	Như trên, nhận 6 vàng.
DA_GroupHugI	Ôm Tập Thể I	Group Hug I	1	Đầu giao tranh, mỗi tướng tăng Giáp và Kháng Phép cho tướng liền kề (cộng dồn).
DA_GroupHugII	Ôm Tập Thể II	Group Hug II	2	Đầu giao tranh, mỗi tướng tăng Giáp và Kháng Phép cho tướng liền kề (cộng dồn).
DA_HardBargain	Thương Vụ Khó Xơi	Hard Bargain	2	Không được chọn ở Vòng Đi Chợ; mỗi vòng đi chợ nhận 6 máu người chơi và 8 vàng.
DA_HardCommit	Chỉ Một Con Đường	Hard Commit	3	Nhận 1 Ấn ngẫu nhiên; ngay và đầu mỗi giai đoạn nhận 1 tướng cùng tộc/hệ.
DA_HealingOrbsI	Cầu Hồi Phục I	Healing Orbs I	1	Khi 1 kẻ địch bị hạ, 1 đồng minh gần đó được hồi Máu.
DA_HealingOrbsII	Cầu Hồi Phục II	Healing Orbs II	2	Khi 1 kẻ địch bị hạ, 1 đồng minh gần đó được hồi nhiều Máu.
DA_HeartOfSteel	Trái Tim Sắt Đá	Heart of Steel	2	Nhận 1 Trái Tim Kiên Định, tăng vĩnh viễn Máu khi chủ sở hữu sống sót lâu.
DA_HedgeFund	Quỹ Phòng Hộ	Hedge Fund	3	Nhận 22 vàng. Lợi tức tối đa tăng lên 10.
DA_HeroicGrabBag	Túi Đồ Siêu Hùng	Heroic Grab Bag	2	Nhận 2 Máy Sao Chép Tướng Cỡ Nhỏ và 4 vàng.
DA_HeroicGrabBagPlus	Túi Đồ Siêu Hùng+	Heroic Grab Bag+	2	Nhận 2 Máy Sao Chép Tướng Cỡ Nhỏ và 8 vàng.
DA_HeroicGrabBagPlusPlus	Túi Đồ Siêu Hùng++	Heroic Grab Bag++	2	Nhận 2 Máy Sao Chép Tướng Cỡ Nhỏ và 14 vàng.
DA_HoldTheLine	Giữ Vững Hàng Ngũ	Hold the Line	3	Tướng 2 hàng sau nhận Sức Mạnh Phép Thuật và Công Kích theo số tướng hàng trên.
DA_Hustler	Sống Vội	Hustler	2	Không còn lợi tức, nhưng nhận vàng đầu mỗi vòng giao tranh người chơi.
DA_InfinityProtection	Bảo Hộ Vô Tận	Infinity Protection	2	Nhận 3 vàng. Vòng 3-7 nhận 1 Tam Luyện Kiếm (lá chắn cho đồng minh cùng hàng).
DA_InvestedPlus	Đầu Tư+	Invested+	3	Nhận 26 vàng. Mỗi 10 vàng vượt 50 cho 1 lượt đổi mỗi vòng.
DA_InvestedPlusPlus	Đầu Tư++	Invested++	3	Nhận 45 vàng. Mỗi 10 vàng vượt 50 cho 1 lượt đổi mỗi vòng.
DA_InvestmentStrategy	Chiến Thuật Đầu Tư II	Investment Strategy II	3	Tướng nhận Máu vĩnh viễn theo vàng lợi tức; lợi tức tối đa tăng.
DA_InvestmentStrategyI	Chiến Thuật Đầu Tư I	Investment Strategy I	2	Tướng nhận Máu vĩnh viễn theo vàng lợi tức. Nhận 4 vàng.
DA_IronAssets	Kho Báu Sắt	Iron Assets	1	Nhận 1 gói trang bị thành phần và vàng.
DA_ItemGrabBag	Tiếp Tế Trang Bị I	Item Grab Bag I	1	Nhận 1 trang bị hoàn chỉnh ngẫu nhiên.
DA_ItsMeBaby	Là Ta Đây	It's Me, Baby	2	Nhận 1 ô vô địch góc dưới phải: tướng trong ô +15% Khuếch Đại Sát Thương, +15% Tốc Độ Đánh.
DA_JeweledLotus_I	Khảm Bảo Thạch I	Jeweled Lotus I	2	Cả đội nhận Tỉ Lệ Chí Mạng và Chuẩn Xác (kỹ năng có thể chí mạng).
DA_JeweledLotus_II	Khảm Bảo Thạch II	Jeweled Lotus II	3	Cả đội nhận Tỉ Lệ Chí Mạng, Sát Thương Chí Mạng và Chuẩn Xác.
DA_KickStart	Khởi Động Nhanh	Kick Start	1	Nhận 1 tướng 2 vàng 2 sao ngẫu nhiên và 1 vàng.
DA_Kingslayer	Đồ Vương	Kingslayer	1	Thắng giao tranh người chơi nhận vàng, nhiều hơn nếu đối thủ nhiều máu hơn.
DA_KnowYourEnemy	Nắm Rõ Đối Thủ	Know Your Enemy	2	Biết đối thủ tiếp theo. Cả đội nhận Khuếch Đại Sát Thương.
DA_LateGameScaling	Thăng Tiến Cuối Trận	Late Game Scaling	2	Nhận 2 XP mỗi vòng giao tranh. Tướng 5 vàng nhận Máu và Tốc Độ Đánh.
DA_LateGameSpecialist	Hướng Đến Hồi Kết	Late Game Specialist	1	Khi đạt Cấp 9, nhận 27 vàng.
DA_LatentForge	Lò Rèn Tiềm Ẩn	Latent Forge	1	Sau vài giao tranh người chơi, nhận 1 Gói Trang Bị Tạo Tác.
DA_LegionOfThrees	Quân Đoàn 3 Sao	Legion Of Threes	2	Nhận 1 Ấn. Tướng 3 vàng và tướng mang Ấn nhận Máu và 12% Tốc Độ Đánh.
DA_LevelUp	Thăng Cấp!	Level Up!	3	Mỗi lần mua XP nhận thêm XP. Nhận ngay 6 XP.
DA_LivingForge	Chế Tạo Tại Chỗ	Living Forge	3	Nhận 1 Gói Tạo Tác ngay và sau mỗi vài giao tranh người chơi.
DA_LoadedDice	Gian Lận	Loaded Dice	1	Đổ xúc xắc nhận vàng bằng số điểm, rồi tung xu nhận thêm.
DA_LuckyGloves	Đo Ni Đóng Giày	Lucky Gloves	3	Găng Đạo Tặc luôn cho đồ lý tưởng. Nhận Găng Đấu Tập và 4 vàng.
DA_LuckyGlovesPlus	Đo Ni Đóng Giày+	Lucky Gloves+	3	Găng Đạo Tặc luôn cho đồ lý tưởng. Nhận Găng Đấu Tập, thêm 1 sau vài giao tranh.
DA_LuxurySubscription	Gói Đăng Ký Hạng Sang	Luxury Subscription	3	Nhận gói quà tướng và vàng; nhận lại ở đầu các giai đoạn sau.
DA_MagicRoll	Xúc Xắc Ma Pháp	Magic Roll	2	Đổ 3 xúc xắc, nhận thưởng theo tổng điểm.
DA_MakeshiftArmorI	Giáp Tự Chế I	Makeshift Armor I	1	Tướng không mang trang bị nhận Giáp và Kháng Phép.
DA_MakeshiftArmorII	Giáp Tự Chế II	Makeshift Armor II	2	Tướng không mang trang bị nhận nhiều Giáp và Kháng Phép.
DA_MaliciousMonetization	Dòng Tiền Mờ Ám	Malicious Monetization	2	Nhận 4 vàng. 2 vòng tới, tướng địch rơi vàng khi bị hạ.
DA_MaxBuild	Đội Hình Tối Ưu	Max Build	2	Nhận 10 lượt đổi. Ở cấp 9 nhận thêm lượt đổi và 1 Máy Sao Chép Tướng.
DA_Min_Max	Tối Đa Hóa	Min-Max	3	Nhận 1 Nam Châm Hoàng Kim và 4 trang bị thành phần ngẫu nhiên.
DA_MissedConnections	Kết Nối Gián Đoạn	Missed Connections	1	Nhận 1 bản sao của mỗi tướng 1 vàng.
DA_MoneyHungryPlus	Cơn Khát Vàng+	Money Hungry+	2	Nhận vàng ngay và thêm vàng ở đầu mỗi giai đoạn.
DA_MoneyHungry_NotBroken	Cơn Khát Vàng	Money Hungry	2	Nhận 7 vàng ngay và 7 vàng ở đầu mỗi giai đoạn.
DA_MoneyMonsoon	Bão Vàng	Money Monsoon	3	Nhận vàng ngay và mỗi vòng đấu đến hết trận.
DA_NestingAnvils	Gói Trang Bị Bất Ngờ	Nesting Anvils	3	Nhận Gói Tạo Tác; mở xong nhận Gói Thành Phần; mở xong nhận 4 vàng.
DA_NestingAnvilsPlus	Gói Trang Bị Bất Ngờ+	Nesting Anvils+	3	Như trên, nhận 8 vàng ở cuối.
DA_NestingDollsPlus	Búp Bê Xây Tổ	Nesting Dolls	3	Tướng bị hạ tạo bản sao thấp hơn 1 sao. Nhận 3 lượt đổi.
DA_NoScoutNoPivot	NHẮM MẮT CHƠI BỪA	NO SCOUT NO PIVOT	2	Tướng đã ra sân không thể rút về hay bán. Cả đội nhận Máu và Sức Mạnh Công Kích.
DA_OneBuffTwoBuff	Một Bùa, Hai Bùa	One Buff Two Buff	3	Nhận 1 Bùa Đỏ, 1 Bùa Xanh và 1 Máy Sao Chép Tướng.
DA_PandorasBench	Hàng Chờ Pandora	Pandora's Bench	2	Đầu mỗi vòng, 3 ô phải hàng chờ đổi thành tướng ngẫu nhiên cùng giá. Nhận 4 vàng.
DA_PandorasItemsI	Hộp Pandora I	Pandora's Items I	1	Đầu vòng, trang bị trên hàng chờ bị tráo ngẫu nhiên. Nhận trang bị thành phần.
DA_PandorasItemsII	Hộp Pandora II	Pandora's Items II	2	Đầu vòng, trang bị trên hàng chờ bị tráo ngẫu nhiên. Nhận trang bị thành phần.
DA_PandorasItemsIII	Hộp Pandora III	Pandora's Items III	3	Đầu vòng, trang bị trên hàng chờ bị tráo ngẫu nhiên. Nhận Trang Bị Ánh Sáng.
DA_PartialAscension	Bán Thăng Hoa	Partial Ascension	1	Sau 12 giây giao tranh, cả đội nhận thêm 20% Khuếch Đại Sát Thương.
DA_PatienceIsAVirtue	Kiên Nhẫn Là Một Đức Tính	Patience Is A Virtue	1	Nhận lượt đổi. Mỗi vòng không mua tướng thì vòng sau nhận 1 lượt đổi.
DA_PatientStudy	Kiên Nhẫn Học Tập	Patient Study	2	Sau giao tranh người chơi nhận XP (nhiều hơn nếu thua).
DA_Pilfer	Ăn Trộm	Pilfer	2	Mỗi vòng nhận bản sao 1 sao của tướng đầu tiên bạn hạ ở giao tranh trước.
DA_PlotArmor	Hào Quang Nhân Vật Chính	Plot Armor	2	Cả đội nhận Giáp và Kháng Phép, tăng mạnh khi thấp máu.
DA_PortableForge	Lò Rèn Thần Thoại	Portable Forge	2	Chọn 1 trong 4 Tạo Tác.
DA_PrismaticDestiny	Vận Mệnh Kim Cương	Prismatic Destiny	3	Nhận 1 lõi Kim Cương ngẫu nhiên và 4 vàng.
DA_PrismaticDestinyPlus	Vận Mệnh Kim Cương+	Prismatic Destiny+	3	Nhận 1 lõi Kim Cương ngẫu nhiên và 7 vàng.
DA_PrismaticTicket	Vé Kim Cương	Prismatic Ticket	3	Mỗi lần đổi cửa hàng có tỉ lệ nhận thêm 1 lượt đổi miễn phí.
DA_PromisedProtection	Thệ Ước Bảo Hộ	Promised Protection	2	Nhận 1 Lời Thề Hộ Vệ, cho thêm Năng Lượng và Máu tối đa.
DA_QuickStreaks	Tích Chuỗi Nhanh	Quick Streaks	1	Tiến trình chuỗi thắng/thua tăng gấp đôi. Nhận 2 vàng.
DA_RadiantRascal	Quang Lân Tiểu Yêu	Radiant Rascal	3	Nhận Găng Đạo Tặc Ánh Sáng (lắp 2 trang bị Ánh Sáng ngẫu nhiên mỗi vòng).
DA_RadiantRelic	Kho Thần Tích	Radiant Relics	3	Chọn 1 trong 5 Trang Bị Ánh Sáng. Nhận 1 Nam Châm Ma Thuật.
DA_Recombobulator	Xoay Bài Tự Động	Recombobulator	1	Mọi tướng trên sân đổi thành tướng ngẫu nhiên giá cao hơn 1 bậc.
DA_Replication	Nhân Bản	Replication	2	Chọn 1 trong 3 thành phần; vài vòng tới nhận thêm bản sao của nó.
DA_Retribution	Báo Oán	Retribution	3	Nhận Bàn Tay Công Lý; người mang nhận Chuẩn Xác và 25% Tỉ Lệ Chí Mạng.
DA_RollingForDays	Xúc Xắc Vô Tận	Rolling For Days	1	Nhận lượt đổi Cửa Hàng miễn phí.
DA_SalvageBin	Nhà Máy Tái Chế	Salvage Bin	2	Nhận 1 trang bị hoàn chỉnh ngay, 1 thành phần sau 8 vòng. Bán tướng tách đồ.
DA_SalvageBinPlus	Nhà Máy Tái Chế+	Salvage Bin+	2	Như trên, nhận thành phần sớm hơn.
DA_SeraphimsStaff	Trượng Đại Thiên Sứ	Seraphim's Staff	2	Nhận 1 Quyền Trượng Thiên Thần, tăng thêm Hồi Năng Lượng.
DA_ShimmerscaleEssence	Tinh Túy Kim Long	Shimmerscale Essence	3	Nhận 1 Kiếm Của Tay Bạc; sau vài giao tranh nhận Giáp Đại Hãn.
DA_ShoppingSpree	Tín Đồ Mua Sắm	Shopping Spree	3	Mỗi lần lên cấp nhận lượt đổi bằng cấp +1. Nhận 6 vàng.
