DA_Gromp18_AP	Cóc Thành Tinh	Gromp	2	Quái Rừng,Thích Ứng	Riftbeast,Adaptor	Bong Bóng Ợ Hơi	4	assets/characters/tft18_gromp/tft18_gromp_square.tex
DA_Murkwolf18	Sói Hắc Ám	Murkwolf	2	Quái Rừng,Tàn Phá	Riftbeast,Ravager	Vuốt Xé	1	assets/characters/tft18_murkwolf/tft18_murkwolf_square.tex
DA_18_Sentry	Sỏi	Pebbles	1	Quái Rừng,Thuật Sĩ	Riftbeast,Invoker	Tia Laze Lam	4	assets/characters/tft18_sentry/tft18_sentry_square.tex
DA_Cinderling18	Mầm Non	Cinderling	1	Quái Rừng,Thợ Săn	Riftbeast,Hunter	Lá Sắc Lẹm	4	assets/characters/tft18_cinderling/tft18_cinderling_square.tex
DA_Scuttlecrab18	Cua Kỳ Cục	Scuttlecrab	2	Quái Rừng,Dũng Sĩ	Riftbeast,Juggernaut	Bạn Hiểu Mà Đúng Không?	1	assets/characters/tft18_scuttlecrab/tft18_scuttlecrab_square.tex
DA_Krug18	Quái Đá Krug	Krug	3	Quái Rừng,Đấu Sĩ	Riftbeast,Brawler	Sức Mạnh Của Đá	1	assets/characters/tft18_krug/tft18_krug_square.tex
DA_Sentinel18	Người Đá	Sentinel	4	Quái Rừng,Tiên Phong,Thuật Sĩ	Riftbeast,Vanguard,Invoker	Sóng Xung Kích Lam	1	assets/characters/tft18_sentinel/tft18_sentinel_square.tex
DA_Brambleback18	Bụi Gai Đỏ	Brambleback	4	Quái Rừng,Tàn Phá	Riftbeast,Ravager	Cuồng Nộ Rực Lửa	1	assets/characters/tft18_brambleback/tft18_brambleback_square.tex
DA_18_Xayah	Xayah	Xayah	1	Thần Rừng,Tiên Linh,Liên Kích	Elderwood,Fae,Rapidfire	Bộ Cánh Chết Người	4	assets/characters/tft18_xayah/tft18_xayah_square.tex
DA_18_Ornn	Ornn	Ornn	1	Thần Rừng,Vệ Quân	Elderwood,Defender	Thổi Bễ	1	assets/characters/tft18_ornn/tft18_ornn_square.tex
DA_Nidalee18_AP	Nidalee	Nidalee	4	Nguyên Sinh,Thích Ứng	Primal,Adaptor	Phóng Lao	1	assets/characters/tft18_nidalee/tft18_nidalee_square.tex
DA_18_Hecarim	Hecarim	Hecarim	3	Thần Rừng,Tiên Phong	Elderwood,Vanguard	Nhiếp Hồn Trận	1	assets/characters/tft18_hecarim/tft18_hecarim_square.tex
DA_18_Ezreal	Ezreal	Ezreal	4	Thần Rừng,Đao Phủ	Elderwood,Executioner	Loạn Chiến Rừng Thẳm	4	assets/characters/tft18_ezreal/tft18_ezreal_square.tex
DA_18_Azir	Azir	Azir	3	Gai Đen,Đao Phủ,Triệu Hồi	Blackthorn,Executioner,Summoner	Trỗi Dậy!	4	assets/characters/tft18_azir/tft18_azir_square.tex
DA_18_RekSai	Rek'Sai	Rek'Sai	1	Gai Đen,Đấu Sĩ	Blackthorn,Brawler	Nhổ Rễ	1	assets/characters/tft18_reksai/tft18_reksai_square.tex
DA_18_Veigar	Veigar	Veigar	1	Gai Đen,Tinh Nghịch,Thuật Sư	Blackthorn,Sprykin,Spellweaver	Vụ Nổ Vũ Trụ	4	assets/characters/tft18_veigar/tft18_veigar_square.tex
DA_18_Maokai	Maokai	Maokai	5	Cổ Thụ,Dũng Sĩ	Old Growth,Juggernaut	Gieo Hạt Giống	1	assets/characters/tft18_maokai/tft18_maokai_square.tex
DA_18_Malphite	Malphite	Malphite	4	Gai Đen,Cự Thạch	Blackthorn,Monolith	Vỏ Cây Hóa Đá	1	assets/characters/tft18_malphite/tft18_malphite_square.tex
DA_18_Yorick	Yorick	Yorick	1	Hoa Linh,Dũng Sĩ,Triệu Hồi	Blossom,Juggernaut,Summoner	Tử Lễ	1	assets/characters/tft18_yorick/tft18_yorick_square.tex
DA_18_Yunara	Yunara	Yunara	2	Hoa Linh,Đao Phủ	Blossom,Executioner	Kết Linh Thành Châu	4	assets/characters/tft18_yunara/tft18_yunara_square.tex
DA_18_Sett	Sett	Sett	4	Hoa Linh,Đấu Sĩ	Blossom,Brawler	Cuồng Long Quyền	1	assets/characters/tft18_sett/tft18_sett_square.tex
DA_18_Ahri	Ahri	Ahri	4	Hoa Linh,Thuật Sư	Blossom,Spellweaver	Tinh Linh Cầu	4	assets/characters/tft18_ahri/tft18_ahri_square.tex
DA_18_Ashe	Ashe	Ashe	5	Hoa Linh,Thợ Săn	Blossom,Hunter	Khe Nứt Tâm Linh	6	assets/characters/tft18_ashe/tft18_ashe_square.tex
DA_18_Elise	Elise	Elise	2	Tiên Hắc Ám,Tiên Phong	Coven,Vanguard	Nữ Hoàng Nhền Nhện	1	assets/characters/tft18_elise/tft18_elise_square.tex
DA_18_Caitlyn	Caitlyn	Caitlyn	2	Tiên Hắc Ám,Thợ Săn	Coven,Hunter	Thiện Xạ	4	assets/characters/tft18_caitlyn/tft18_caitlyn_square.tex
DA_18_Cassiopeia	Cassiopeia	Cassiopeia	3	Tiên Hắc Ám,Thuật Sư	Coven,Spellweaver	Vụ Nổ Độc Hại	4	assets/characters/tft18_cassiopeia/tft18_cassiopeia_square.tex
DA_18_Morgana	Morgana	Morgana	4	Tiên Hắc Ám,Thuật Sĩ	Coven,Invoker	Lời Nguyền Tàn Úa	2	assets/characters/tft18_morgana/tft18_morgana_square.tex
DA_18_Rakan	Rakan	Rakan	1	Tiên Linh,Dũng Sĩ,Tiên Phong	Fae,Juggernaut,Vanguard	Điệu Vũ Mê Hồn	1	assets/characters/tft18_rakan/tft18_rakan_square.tex
DA_18_Lillia	Lillia	Lillia	4	Tiên Linh,Vệ Quân	Fae,Defender	Khúc Ru Rừng Thẳm	1	assets/characters/tft18_lillia/tft18_lillia_square.tex
DA_18_Kobuko	Kobuko	Kobuko	1	Tinh Nghịch,Đấu Sĩ	Sprykin,Brawler	Vũ Điệu Đời Thường	1	assets/characters/tft18_kobuko/tft18_kobuko_square.tex
DA_18_Teemo	Teemo	Teemo	2	Tinh Nghịch,Thuật Sĩ	Sprykin,Invoker	Nấm Nhỏ Nấm To	4	assets/characters/tft18_teemo/tft18_teemo_square.tex
DA_18_Rammus	Rammus	Rammus	3	Tinh Nghịch,Vệ Quân	Sprykin,Defender	Thế Thủ	1	assets/characters/tft18_rammus/tft18_rammus_square.tex
DA_18_GnarSmall	Gnar	Gnar	5	Thần Rừng,Tinh Nghịch,Đấu Sĩ	Elderwood,Sprykin,Brawler	Đột Biến Gien	2	assets/characters/tft18_gnar/tft18_gnar_square.tex
DA_18_Tristana	Tristana	Tristana	3	Tiên Linh,Tinh Nghịch,Thợ Săn	Fae,Sprykin,Hunter	Bọc Thuốc Súng	4	assets/characters/tft18_tristana/tft18_tristana_square.tex
DA_18_Sivir	Sivir	Sivir	4	Nguyên Sinh,Thợ Săn	Primal,Hunter	Gươm Boomerang	4	assets/characters/tft18_sivir/tft18_sivir_square.tex
DA_Vi18	Vi	Vi	3	Nguyên Sinh,Dũng Sĩ	Primal,Juggernaut	Nắm Đấm Cuồng Nộ	1	assets/characters/tft18_vi/tft18_vi_square.tex
DA_18_Akali_AD	Akali	Akali	1	Hỏa Ngục,Thích Ứng,Tàn Phá	Inferno,Adaptor,Ravager	Phi Đao Song Kích	1	assets/characters/tft18_akali/tft18_akali_square.tex
DA_18_Varus	Varus	Varus	1	Hỏa Ngục,Liên Kích	Inferno,Rapidfire	Mũi Tên Xuyên Phá	4	assets/characters/tft18_varus/tft18_varus_square.tex
DA_Amumu18	Amumu	Amumu	4	Hỏa Ngục,Dũng Sĩ	Inferno,Juggernaut	Giận Dữ	1	assets/characters/tft18_amumu/tft18_amumu_square.tex
DA_18_Kennen	Kennen	Kennen	5	Hỏa Ngục,Đao Phủ	Inferno,Executioner	Bão Lửa	2	assets/characters/tft18_kennen/tft18_kennen_square.tex
DA_18_Aphelios	Aphelios	Aphelios	4	Mặt Trăng,Liên Kích	Lunar,Rapidfire	Xung Kích Ánh Trăng	4	assets/characters/tft18_aphelios/tft18_aphelios_square.tex
DA_18_Diana	Diana	Diana	3	Mặt Trăng,Tàn Phá,Tiên Phong	Lunar,Ravager,Vanguard	Lá Chắn Nhợt Nhạt	1	assets/characters/tft18_diana/tft18_diana_square.tex
DA_18_Alune	Alune	Alune	5	Hòa Hợp,Mặt Trăng,Thuật Sư	Attuned,Lunar,Spellweaver	Trăng Mờ	4	assets/characters/tft18_alune/hud/tft18_alune_square.tex
DA_18_Leona	Leona	Leona	1	Mặt Trời,Vệ Quân	Solar,Defender	Nện Khiên	1	assets/characters/tft18_leona/tft18_leona_square.tex
DA_18_Kayle	Kayle	Kayle	2	Mặt Trời,Liên Kích	Solar,Rapidfire	Phán Quyết Mặt Trời	4	assets/characters/tft18_kayle/tft18_kayle_square.tex
DA_18_Sejuani	Sejuani	Sejuani	2	Mặt Trời,Dũng Sĩ	Solar,Juggernaut	Mặt Trời Thịnh Nộ	1	assets/characters/tft18_sejuani/tft18_sejuani_square.tex
DA_18_KhaZix	Kha'Zix	Kha'Zix	3	Khắc Tinh	Rival	Nếm Mùi Sợ Hãi	1	assets/characters/tft18_khazix/tft18_khazix_square.tex
DA_18_Rengar	Rengar	Rengar	3	Khắc Tinh	Rival	Tàn Ác	1	assets/characters/tft18_rengar/tft18_rengar_square.tex
DA_KogMaw18_AD	Kog'Maw	Kog'Maw	3	Ăn Mòn,Thích Ứng,Thuật Sĩ	Caustic,Adaptor,Invoker	Đạn Pháo Oanh Tạc	4	assets/characters/tft18_kogmaw/tft18_kogmaw_square.tex
DA_18_Zyra	Zyra	Zyra	4	Vườn Gai,Triệu Hồi	Thornmaiden,Summoner	Sum Sê	4	assets/characters/tft18_zyra/tft18_zyra_square.tex
DA_Fiddlesticks18	Fiddlesticks	Fiddlesticks	3	Thực Vật,Vệ Quân,Thuật Sư	Flora Fatalis,Defender,Spellweaver	Thu Hoạch	1	assets/characters/tft18_fiddlesticks/tft18_fiddlesticks_square.tex
DA_18_Soraka	Soraka	Soraka	4	Thực Vật,Đao Phủ	Flora Fatalis,Executioner	Vẫn Tinh	4	assets/characters/tft18_soraka/tft18_soraka_square.tex
DA_Taric18	Taric	Taric	5	Lục Bảo,Tiên Phong	Emerald Aspect,Vanguard	Lục Bảo Huy Hoàng	1	assets/characters/tft18_taric/tft18_taric_square.tex
DA_18_Ivern	Ivern	Ivern	5	Thụ Thần	Greenfather	Hạt Hư Hỏng	3	assets/characters/tft18_ivern/hud/tft18_ivern_square.tex
DA_Lux18_Base	Lux	Lux	5	Thế Thần	Avatar	Cầu Vồng Tối Thượng	6	assets/characters/tft18_lux/tft18_lux_square.tex
DA_18_Alistar	Alistar	Alistar	2	Thần Rừng,Đấu Sĩ	Elderwood,Brawler	Tiếng Gầm Chiến Thắng	1	assets/characters/tft18_alistar/tft18_alistar_square.tex
DA_Draven18	Draven	Draven	5	Săn Thưởng	Bounty Seeker	Lốc Xoáy Tử Vong	6	assets/characters/tft18_draven/tft18_draven_square.tex
DA_18_ElderDragon	Rồng Ngàn Tuổi	Elder Dragon	5	Bá Chủ,Quái Rừng	Apex Predator,Riftbeast	Sức Nóng Vô Song	2	assets/characters/tft18_elderdragon/hud/tft18_elderdragon_square.tex
DA_Karma18	Karma	Karma	1	Hoa Linh,Thuật Sư	Blossom,Spellweaver	Liên Kết Nghiệp Duyên	4	assets/characters/tft18_karma/tft18_karma_square.tex
DA_18_LeBlanc	LeBlanc	LeBlanc	2	Thần Rừng,Thuật Sư	Elderwood,Spellweaver	Ảo Ảnh	4	assets/characters/tft18_leblanc/tft18_leblanc_square.tex
DA_18_MasterYi_AD	Master Yi	Master Yi	3	Hoa Linh,Thích Ứng	Blossom,Adaptor	Võ Thuật Wuju	1	assets/characters/tft18_masteryi/tft18_masteryi_square.tex
DA_18_Shen	Shen	Shen	2	Hỏa Ngục,Vệ Quân	Inferno,Defender	Lá Chắn Kiếm Khí	1	assets/characters/tft18_shen/tft18_shen_square.tex
DA_18_Warwick	Warwick	Warwick	2	Gai Đen,Tàn Phá	Blackthorn,Ravager	Cắn Xé	1	assets/characters/tft18_warwick/tft18_warwick_square.tex
DA_18_Camille	Camille	Camille	1	Tiên Hắc Ám,Tàn Phá	Coven,Ravager	Đá Quét Phòng Ngự	1	assets/characters/tft18_camille/tft18_camille_square.tex
DA_CrimsonRaptor18	Chim Mẹ	Mama Beak	3	Quái Rừng,Triệu Hồi,Liên Kích	Riftbeast,Summoner,Rapidfire	Gia Đình Chim Biến Dị	4	assets/characters/tft18_raptor/tft18_crimsonraptor_teamplanner_splash.tex
