cluster	name	level	count	avg	top4	win	units	traits	builds
425013	Sprykin/Azir	lvl 7	413256	4.05	58.2	16.3	Azir,Rammus,Soraka,Teemo,Veigar,Zyra,Fiddlesticks	Blackthorn_1,Defender_1,Executioner_1,Spellweaver_1,Sprykin_1,Summoner_1,ZyraUniqueTrait_1,FloraFatalis_2	Azir:GuinsoosRageblade+HextechGunblade+RabadonsDeathcap | Rammus:Crownguard+GargoyleStoneplate+GargoyleStoneplate | Zyra:18_EmblemExecutioner+Morellonomicon+VoidStaff
425002	Lunar/Aphelios/Nidalee	Fast 8	593105	4.16	58.9	9.1	Aphelios,Diana,Varus,Amumu,KogMaw,Nidalee,Sentinel,Vi	Adaptor_1,Caustic_1,Inferno_1,Invoker_1,Lunar_1,Rapidfire_1,Vanguard_1,Juggernaut_1,Primal_1	Nidalee:InfinityEdge+SpearOfShojin+SteraksGage | Aphelios:Deathblade+GuinsoosRageblade+KrakensFury | Amumu:DragonsClaw+GargoyleStoneplate+WarmogsArmor
425014	Spellweaver/Veigar	lvl 5	407849	4.27	54.5	14.4	Alistar,Cassiopeia,LeBlanc,Ornn,RekSai,Veigar,Fiddlesticks	Blackthorn_1,Brawler_1,Defender_1,Elderwood_1,Spellweaver_2,FloraFatalis_1	Alistar:GargoyleStoneplate+SpiritVisage+WarmogsArmor | Ornn:Crownguard+GargoyleStoneplate+WarmogsArmor | LeBlanc:Morellonomicon+SpearOfShojin+VoidStaff
425026	Invoker/Morgana	Fast 8	89697	4.30	53.3	14.4	Alune,Diana,Hecarim,Morgana,Sentry,Brambleback,KogMaw,Sentinel,Taric	Caustic_1,Invoker_3,Lunar_1,Slayer_1,Vanguard_2,AluneUniqueTrait_1,Emerald_1,Riftbeast_1	Sentinel:AdaptiveHelm+ProtectorsVow+ProtectorsVow | Morgana:18_EmblemSlayer+Morellonomicon+VoidStaff | Alune:AdaptiveHelm+ArchangelsStaff+ArchangelsStaff
425000	Juggernaut/Zyra/Sivir	Fast 8	383724	4.31	53.0	14.6	Ashe,Maokai,Sejuani,Sivir,Yorick,Zyra,Amumu,Scuttlecrab,Vi	Hunter_1,Maokai_UniqueTrait_1,Summoner_1,ZyraUniqueTrait_1,Juggernaut_3,Primal_1	Zyra:ArchangelsStaff+ArchangelsStaff+HextechGunblade | Maokai:GargoyleStoneplate+SpiritVisage+WarmogsArmor | Amumu:GargoyleStoneplate+SpiritVisage+WarmogsArmor
425005	Invoker/Ahri	Fast 8	337422	4.32	54.1	12.1	Ahri,Morgana,Sentry,Sett,Karma,Krug,Sentinel,Taric	Blossom_1,Brawler_1,Invoker_2,Spellweaver_1,Vanguard_1,Emerald_1,Riftbeast_1	Morgana:Morellonomicon+RabadonsDeathcap+VoidStaff | Ahri:18_EmblemInvoker+JeweledGauntlet+StrikersFlail | Sentinel:ProtectorsVow+ProtectorsVow+ProtectorsVow
425022	Elderwood/KhaZix	lvl 7	186796	4.33	53.4	13.9	Diana,Ezreal,Hecarim,KhaZix,Ornn,Soraka,Fiddlesticks	Defender_1,Elderwood_1,Executioner_1,Rival_1,Vanguard_1,FloraFatalis_2	KhaZix:HandOfJustice+NashorsTooth+RabadonsDeathcap | Hecarim:BrambleVest+GargoyleStoneplate+WarmogsArmor | Diana:18_EmblemExecutioner+HandOfJustice+IonicSpark
425025	Juggernaut/Sivir	Fast 9	376835	4.34	50.9	20.0	Ashe,Ivern,Kennen,Maokai,Rakan,Sivir,Amumu,Taric,Vi	Greenfather_1,Hunter_1,Inferno_1,Maokai_UniqueTrait_1,Vanguard_1,Emerald_1,Juggernaut_2,Primal_1	Ashe:LastWhisper+RedBuff+SpearOfShojin | Maokai:GargoyleStoneplate+SpiritVisage+WarmogsArmor | Sivir:GiantSlayer+InfinityEdge+StrikersFlail
425001	Rapidfire/Aphelios	Fast 8	52082	4.38	53.5	8.9	Aphelios,Rakan,Varus,Xayah,Amumu,Brambleback,CrimsonRaptor,Sentinel	Fae_1,Inferno_1,Rapidfire_4,Vanguard_1,Juggernaut_1,Riftbeast_1	Aphelios:InfinityEdge+KrakensFury+StrikersFlail | Brambleback:18_EmblemRapidfire+EdgeOfNight+SteraksGage | Amumu:18_EmblemVanguard+GargoyleStoneplate+WarmogsArmor
425007	Juggernaut/Nidalee/Zyra	Fast 8	108035	4.38	52.4	12.0	Ivern,Maokai,Sejuani,Yorick,Zyra,Amumu,Nidalee,Scuttlecrab,Vi	Greenfather_1,Maokai_UniqueTrait_1,Summoner_1,ZyraUniqueTrait_1,Juggernaut_3,Primal_1	Zyra:ArchangelsStaff+ArchangelsStaff+HextechGunblade | Nidalee:ArchangelsStaff+GuinsoosRageblade+RabadonsDeathcap | Amumu:GargoyleStoneplate+IonicSpark+SunfireCape
425017	Executioner/Yunara	lvl 6	26508	4.38	53.7	11.0	Alistar,Azir,Ezreal,RekSai,Soraka,Warwick,Yunara,Murkwolf	Blackthorn_2,Brawler_1,Executioner_3,Slayer_1,FloraFatalis_1	Yunara:18_EmblemBlackthorn+LastWhisper+SpearOfShojin | Alistar:GargoyleStoneplate+SpiritVisage+SpiritVisage | Warwick:SpearOfShojin+SteraksGage+TitansResolve
425010	Executioner/Soraka	Fast 8	297362	4.40	52.6	10.3	Azir,Kennen,Malphite,Soraka,Yorick,Zyra,Amumu,Fiddlesticks	Battlemage_1,Blackthorn_1,Executioner_2,Inferno_1,Summoner_2,ZyraUniqueTrait_1,FloraFatalis_2,Juggernaut_1	Malphite:Crownguard+GargoyleStoneplate+WarmogsArmor | Zyra:18_EmblemBlackthorn+18_EmblemExecutioner+VoidStaff | Soraka:ArchangelsStaff+RabadonsDeathcap+SpearOfShojin
425006	Blossom/Rengar	lvl 7	68447	4.41	52.1	10.2	MasterYi,Rengar,Sett,Yorick,Krug,Nidalee,Vi	Adaptor_1,Blossom_1,Brawler_1,Rival_1,Juggernaut_1,Primal_1	Rengar:EdgeOfNight+GuinsoosRageblade+TitansResolve | MasterYi:18_EmblemBrawler+EdgeOfNight+Quicksilver | Vi:Evenshroud+SunfireCape+WarmogsArmor
425008	Defender/Cassiopeia	lvl 7	156756	4.41	52.3	9.0	Cassiopeia,Leona,Lillia,Ornn,Rammus,Shen,Fiddlesticks	Defender_3,Spellweaver_1,FloraFatalis_1	Cassiopeia:ArchangelsStaff+HextechGunblade+SpearOfShojin | Rammus:GargoyleStoneplate+SpiritVisage+WarmogsArmor | Fiddlesticks:IonicSpark+SpiritVisage+SunfireCape
425033	Vanguard/Ahri	Fast 9	87817	4.43	50.1	16.7	Ahri,Alune,Cassiopeia,Diana,Elise,Morgana,Fiddlesticks,Sentinel,Taric	Coven_1,Invoker_1,Lunar_1,Spellweaver_2,Vanguard_2,AluneUniqueTrait_1,Emerald_1,FloraFatalis_1	Morgana:HextechGunblade+RedBuff+VoidStaff | Alune:ArchangelsStaff+ArchangelsStaff+BlueBuff | Sentinel:GargoyleStoneplate+ProtectorsVow+WarmogsArmor
425003	Elderwood/Ezreal/Amumu	Fast 9	279990	4.44	49.2	17.8	Alistar,Ezreal,GnarSmall,Ivern,Kennen,Maokai,Amumu,Draven,Taric	Brawler_1,Elderwood_1,Executioner_1,Greenfather_1,Inferno_1,Maokai_UniqueTrait_1,DravenUniqueTrait_1,Emerald_1,Juggernaut_1	Draven:Deathblade+GuinsoosRageblade+KrakensFury | Maokai:GargoyleStoneplate+SpiritVisage+WarmogsArmor | Ezreal:GiantSlayer+LastWhisper+SpearOfShojin
425011	Elderwood/Aphelios	Fast 8	94528	4.44	51.0	11.6	Alistar,Aphelios,Diana,Ezreal,GnarSmall,Hecarim,Lillia,Ornn,Xayah	Brawler_1,Defender_1,Elderwood_3,Fae_1,Lunar_1,Rapidfire_1,Vanguard_1	Aphelios:18_EmblemElderwood+GuinsoosRageblade+InfinityEdge | Ezreal:Deathblade+InfinityEdge+SpearOfShojin | Lillia:18_EmblemElderwood+AdaptiveHelm+ProtectorsVow
425012	Blossom/Ahri/Sivir	Fast 8	120766	4.45	50.8	11.3	Ahri,Ashe,GnarSmall,Sett,Sivir,Yorick,Zyra,Karma,Vi	Blossom_2,Brawler_1,Hunter_1,Spellweaver_1,Summoner_1,ZyraUniqueTrait_1,Juggernaut_1,Primal_1	Ahri:JeweledGauntlet+SpearOfShojin+StrikersFlail | Sett:GargoyleStoneplate+SpiritVisage+WarmogsArmor | Ashe:LastWhisper+RedBuff+SpearOfShojin
425004	Executioner/Sett	Fast 8	76909	4.47	51.3	9.0	Ahri,Alistar,Ezreal,Ornn,Sett,Soraka,Yunara,Fiddlesticks	Blossom_1,Brawler_1,Defender_1,Elderwood_1,Executioner_2,Spellweaver_1,FloraFatalis_2	Sett:GargoyleStoneplate+SpiritVisage+WarmogsArmor | Ezreal:Deathblade+LastWhisper+SpearOfShojin | Ahri:18_EmblemExecutioner+Morellonomicon+SpearOfShojin
425019	Slayer/Warwick	lvl 6	90830	4.47	52.0	6.4	Azir,Diana,Malphite,RekSai,Warwick,Brambleback,Krug,Murkwolf	Battlemage_1,Blackthorn_2,Brawler_1,Slayer_2,Riftbeast_1	Warwick:SpearOfShojin+SteraksGage+TitansResolve | Malphite:Crownguard+GargoyleStoneplate+WarmogsArmor | Brambleback:18_EmblemBlackthorn+EdgeOfNight+SteraksGage
425023	Adaptor/MasterYi	lvl 7	50123	4.49	51.3	6.7	MasterYi,Sett,Yorick,KogMaw,Krug,Nidalee,Vi	Adaptor_2,Blossom_1,Brawler_1,Caustic_1,Juggernaut_1,Primal_1	MasterYi:18_EmblemBrawler+EdgeOfNight+GuinsoosRageblade | KogMaw:InfinityEdge+RedBuff+SpearOfShojin | Nidalee:GuinsoosRageblade+HextechGunblade+JeweledGauntlet
425020	Executioner/Azir	lvl 7	70887	4.51	50.5	9.8	Azir,KhaZix,RekSai,Sett,Yorick,Yunara,Zyra,Vi	Blackthorn_1,Blossom_1,Brawler_1,Executioner_2,Rival_1,Summoner_2,ZyraUniqueTrait_1,Juggernaut_1	Azir:GuinsoosRageblade+HextechGunblade+RabadonsDeathcap | Vi:GargoyleStoneplate+GargoyleStoneplate+WarmogsArmor | Sett:GargoyleStoneplate+SpiritVisage+WarmogsArmor
425047	Riftbeast/Sentinel	Fast 9	726635	4.55	48.5	18.9	ElderDragon,Ivern,Kennen,Maokai,Amumu,Draven,Sentinel,Taric	ApexPredator_1,Greenfather_1,Inferno_1,Maokai_UniqueTrait_1,Vanguard_1,DravenUniqueTrait_1,Emerald_1,Juggernaut_1,Riftbeast_1	ElderDragon:InfinityEdge+LastWhisper+StrikersFlail | Maokai:GargoyleStoneplate+SpiritVisage+WarmogsArmor | Draven:GuinsoosRageblade+KrakensFury+RedBuff
425016	Riftbeast/Malphite	Fast 8	66000	4.57	49.8	7.8	Malphite,RekSai,Sivir,Cinderling,KogMaw,Krug,Nidalee,Sentinel	Adaptor_1,Battlemage_1,Blackthorn_1,Brawler_1,Caustic_1,Hunter_1,Invoker_1,Primal_1,Riftbeast_1	Malphite:Crownguard+GargoyleStoneplate+WarmogsArmor | Sivir:InfinityEdge+RedBuff+StrikersFlail | Nidalee:EdgeOfNight+SpearOfShojin+SteraksGage
425009	Inferno/Lillia	Fast 8	65495	4.58	47.3	14.1	Akali,Ashe,Ivern,Kennen,Lillia,Shen,Sivir,Amumu,Vi	Defender_1,Greenfather_1,Hunter_1,Inferno_3,Juggernaut_1,Primal_1	Ashe:18_EmblemInferno+RedBuff+SpearOfShojin | Sivir:GiantSlayer+InfinityEdge+LastWhisper | Amumu:GargoyleStoneplate+GargoyleStoneplate+WarmogsArmor
425024	Riftbeast/Sentry	lvl 5	226673	4.58	48.5	8.8	ElderDragon,GnarSmall,Sentry,Brambleback,Krug,Murkwolf,Sentinel,Taric	ApexPredator_1,Brawler_1,Invoker_1,Slayer_1,Vanguard_1,Emerald_1,Riftbeast_3	ElderDragon:InfinityEdge+LastWhisper+StrikersFlail | Sentry:HextechGunblade+JeweledGauntlet+VoidStaff | Krug:GargoyleStoneplate+SpiritVisage+WarmogsArmor
425018	Sprykin/Teemo/Alistar	lvl 6	15078	4.60	49.7	5.0	Alistar,Hecarim,Kobuko,LeBlanc,Morgana,Teemo,Veigar,Sentinel	Brawler_1,Elderwood_1,Invoker_2,Spellweaver_1,Sprykin_1,Vanguard_1	Teemo:Morellonomicon+RabadonsDeathcap+SpearOfShojin | Alistar:DragonsClaw+GargoyleStoneplate+SteadfastHeart | LeBlanc:GiantSlayer+JeweledGauntlet+SpearOfShojin
425046	Rapidfire/Kayle	lvl 6	39773	4.60	48.3	10.3	Alune,Aphelios,Diana,Kayle,Leona,Sejuani,Shen,Amumu	Defender_1,Eclipse_1,Inferno_1,Lunar_2,Rapidfire_1,Solar_1,AluneUniqueTrait_1,Juggernaut_1	Kayle:GiantSlayer+GuinsoosRageblade+RabadonsDeathcap | Aphelios:GuinsoosRageblade+InfinityEdge+LastWhisper | Sejuani:Crownguard+GargoyleStoneplate+SpiritVisage
425015	Juggernaut/Caitlyn	lvl 6	89748	4.65	48.3	7.2	Caitlyn,Rakan,Sejuani,Sivir,Yorick,Amumu,Scuttlecrab,Vi	Hunter_1,Juggernaut_3,Primal_1	Caitlyn:GuinsoosRageblade+HextechGunblade+KrakensFury | Sivir:InfinityEdge+LastWhisper+RedBuff | Scuttlecrab:GargoyleStoneplate+SpiritVisage+WarmogsArmor
425035	Vanguard/Aphelios	Fast 8	75025	4.66	47.3	7.7	Aphelios,Diana,Hecarim,Zyra,Brambleback,CrimsonRaptor,Sentinel,Taric	Lunar_1,Rapidfire_1,Slayer_1,Summoner_1,Vanguard_2,ZyraUniqueTrait_1,Emerald_1,Riftbeast_1	Aphelios:GiantSlayer+GuinsoosRageblade+KrakensFury | Sentinel:ProtectorsVow+ProtectorsVow+ProtectorsVow | Brambleback:EdgeOfNight+Quicksilver+SteraksGage
425030	Blossom/Sett/Sivir	Fast 9	24657	4.67	46.1	11.2	Ashe,GnarSmall,Ivern,Maokai,Sett,Sivir,Yorick,Amumu,Vi	Blossom_1,Brawler_1,Greenfather_1,Hunter_1,Maokai_UniqueTrait_1,Juggernaut_2,Primal_1	Ashe:LastWhisper+RedBuff+SpearOfShojin | Sett:18_EmblemJuggernaut+GargoyleStoneplate+SpiritVisage | Sivir:Deathblade+GuinsoosRageblade+LastWhisper
425031	Elderwood/Rengar	lvl 7	69655	4.67	47.0	9.9	Aphelios,Diana,Ezreal,Hecarim,KhaZix,LeBlanc,Rengar	Elderwood_1,Lunar_1,Rival_3,Slayer_1,Vanguard_1	Rengar:EdgeOfNight+GuinsoosRageblade+TitansResolve | KhaZix:EdgeOfNight+HandOfJustice+RabadonsDeathcap | Hecarim:Evenshroud+GargoyleStoneplate+IonicSpark
425021	Fae/Tristana/Rammus	lvl 7	67394	4.70	45.9	12.3	Lillia,Rakan,Rammus,Rengar,Sivir,Tristana,Vi	Defender_1,Fae_2,Hunter_1,Rival_1,Juggernaut_1,Primal_1	Tristana:Deathblade+GiantSlayer+GuinsoosRageblade | Rammus:Crownguard+GargoyleStoneplate+GargoyleStoneplate | Rengar:18_EmblemFae+18_EmblemSprykin+TitansResolve
425027	Juggernaut/Nidalee/Amumu	Fast 8	39245	4.70	46.3	8.6	Sivir,Amumu,Cinderling,KogMaw,Nidalee,Scuttlecrab,Sentinel,Taric	Adaptor_1,Caustic_1,Hunter_1,Invoker_1,Vanguard_1,Emerald_1,Juggernaut_1,Primal_1,Riftbeast_1	Nidalee:18_EmblemSlayer+HandOfJustice+InfinityEdge | Sivir:InfinityEdge+SpearOfShojin+StrikersFlail | Amumu:GargoyleStoneplate+SteadfastHeart+WarmogsArmor
425029	Invoker/KogMaw	Standard	19282	4.72	46.4	6.2	Hecarim,Morgana,Sentry,Sett,Teemo,KogMaw,Krug,Sentinel	Brawler_1,Caustic_1,Invoker_4,Vanguard_1,Riftbeast_1	Sentinel:AdaptiveHelm+ProtectorsVow+ProtectorsVow | Morgana:ArchangelsStaff+HextechGunblade+RedBuff | KogMaw:Deathblade+GiantSlayer+InfinityEdge
425045	Elderwood/Ezreal/Alistar	Fast 8	168440	4.73	44.9	11.1	Alistar,Ezreal,GnarSmall,Hecarim,LeBlanc,Ornn,Soraka,Xayah,Fiddlesticks	Brawler_1,Defender_1,Elderwood_3,Executioner_1,Spellweaver_1,FloraFatalis_2	Ezreal:InfinityEdge+LastWhisper+StrikersFlail | Hecarim:DragonsClaw+GargoyleStoneplate+SunfireCape | Soraka:18_EmblemElderwood+SpearOfShojin+StrikersFlail
425028	Juggernaut/Zyra/Summoner	Fast 8	124947	4.75	45.0	10.4	Ivern,Rakan,Sejuani,Yorick,Zyra,Amumu,Scuttlecrab,Vi	Greenfather_1,Summoner_1,ZyraUniqueTrait_1,Juggernaut_3	Zyra:ArchangelsStaff+ArchangelsStaff+HextechGunblade | Maokai:DragonsClaw+GargoyleStoneplate+WarmogsArmor | Amumu:Crownguard+SteadfastHeart+WarmogsArmor
425032	Sprykin/Veigar	lvl 5	77143	4.75	46.3	5.9	GnarSmall,Kobuko,Rammus,RekSai,Sett,Teemo,Veigar,Fiddlesticks	Blackthorn_1,Brawler_2,Defender_1,Spellweaver_1,Sprykin_2,FloraFatalis_1	Veigar:GuinsoosRageblade+JeweledGauntlet+SpearOfShojin | RekSai:GargoyleStoneplate+GargoyleStoneplate+ProtectorsVow | Teemo:BlueBuff+Morellonomicon+VoidStaff
425036	Primal/Nidalee	Fast 8	32591	4.77	45.5	7.3	Morgana,Sentry,KogMaw,Nidalee,Scuttlecrab,Sentinel,Taric,Vi	Adaptor_1,Caustic_1,Invoker_3,Vanguard_1,Emerald_1,Juggernaut_1,Primal_1,Riftbeast_1	Nidalee:18_EmblemSlayer+EdgeOfNight+InfinityEdge | Sentinel:ProtectorsVow+ProtectorsVow+ProtectorsVow | Sivir:InfinityEdge+LastWhisper+StrikersFlail
425051	Vanguard/Rengar	lvl 7	11647	4.77	45.6	11.1	Aphelios,Diana,Hecarim,Rengar,Brambleback,CrimsonRaptor,Sentinel	Lunar_1,Rapidfire_1,Rival_1,Slayer_1,Vanguard_1,Riftbeast_1	Rengar:18_EmblemSlayer+EdgeOfNight+GuinsoosRageblade | Hecarim:Evenshroud+ProtectorsVow+WarmogsArmor | CrimsonRaptor:Deathblade+GuinsoosRageblade+LastWhisper
425054	Blossom/Sett/GnarSmall	Fast 9	31527	4.80	44.2	10.6	Ashe,ElderDragon,GnarSmall,Kennen,Sett,Yorick,Amumu,Cinderling	ApexPredator_1,Blossom_1,Brawler_1,Hunter_1,Inferno_1,Juggernaut_1,Riftbeast_1	Ashe:LastWhisper+RedBuff+SpearOfShojin | Sett:GargoyleStoneplate+GargoyleStoneplate+WarmogsArmor | ElderDragon:Deathblade+InfinityEdge+StrikersFlail
425048	Blackthorn/KhaZix	lvl 7	32930	4.83	44.0	8.6	Azir,KhaZix,Malphite,RekSai,Soraka,Veigar,Warwick,Fiddlesticks	Battlemage_1,Blackthorn_3,Executioner_2,Rival_1,Spellweaver_1,FloraFatalis_2	Azir:ArchangelsStaff+GuinsoosRageblade+RabadonsDeathcap | KhaZix:HandOfJustice+RabadonsDeathcap+StrikersFlail | Malphite:Crownguard+GargoyleStoneplate+IonicSpark
425053	Lunar/Aphelios/Rapidfire	Fast 9	49278	4.86	43.1	9.8	Alune,Aphelios,Diana,Ivern,Kennen,Maokai,Varus,Amumu,Taric	Greenfather_1,Inferno_2,Lunar_2,Maokai_UniqueTrait_1,Rapidfire_1,Vanguard_1,AluneUniqueTrait_1,Emerald_1,Juggernaut_1	Aphelios:18_EmblemHunter+GuinsoosRageblade+InfinityEdge | Alune:ArchangelsStaff+RedBuff+SpearOfShojin | Maokai:GargoyleStoneplate+GargoyleStoneplate+SpiritVisage
425049	Blossom/Ahri/Spellweaver	Fast 9	110825	4.87	41.9	9.9	Ahri,Ashe,GnarSmall,Maokai,MasterYi,Sett,Yorick,Yunara,Karma	Blossom_3,Brawler_1,Maokai_UniqueTrait_1,Spellweaver_1,Juggernaut_1	Ahri:18_EmblemExecutioner+JeweledGauntlet+SpearOfShojin | Sett:Crownguard+GargoyleStoneplate+WarmogsArmor | Ashe:LastWhisper+RedBuff+SpearOfShojin
425038	Sprykin/Teemo/Morgana	lvl 6	31063	4.88	43.2	4.0	Kobuko,Lillia,Morgana,Rammus,Teemo,Tristana,Veigar,Sentinel	Defender_1,Fae_1,Invoker_2,Sprykin_2	Teemo:BlueBuff+JeweledGauntlet+StrikersFlail | Rammus:GargoyleStoneplate+GargoyleStoneplate+SpiritVisage | Morgana:AdaptiveHelm+Morellonomicon+VoidStaff
425034	Inferno/Amumu	Fast 9	90050	4.92	40.8	12.3	Ashe,ElderDragon,Ivern,Kennen,Maokai,Amumu,Sentinel,Taric	ApexPredator_1,Greenfather_1,Inferno_1,Maokai_UniqueTrait_1,Vanguard_1,Emerald_1,Juggernaut_1,Riftbeast_1	Amumu:GargoyleStoneplate+GargoyleStoneplate+SteadfastHeart | Ashe:18_EmblemInferno+RedBuff+SpearOfShojin | ElderDragon:Deathblade+InfinityEdge+StrikersFlail
425042	Inferno/Akali	lvl 5	48396	4.92	43.2	6.3	Akali,Camille,Kayle,Leona,Ornn,Sejuani,Varus	Defender_1,Inferno_1,Rapidfire_1,Slayer_1,Solar_1	Ornn:Crownguard+DragonsClaw+GargoyleStoneplate | Akali:HandOfJustice+HandOfJustice+InfinityEdge | Camille:HandOfJustice+HandOfJustice+SteraksGage
425041	Spellweaver/Fiddlesticks	Fast 8	23981	4.95	41.7	6.3	Ahri,Cassiopeia,Lillia,RekSai,Sett,Veigar,Fiddlesticks,Karma	Blackthorn_1,Blossom_1,Brawler_1,Defender_1,Spellweaver_3,FloraFatalis_1	Ahri:JeweledGauntlet+NashorsTooth+SpearOfShojin | Alune:RedBuff+SpearOfShojin+VoidStaff | Cassiopeia:JeweledGauntlet+Morellonomicon+VoidStaff
425037	Inferno/Kayle	lvl 6	48942	4.97	41.8	6.6	Kayle,Leona,Rakan,Sejuani,Shen,Varus,Xayah	Defender_1,Fae_1,Inferno_1,Rapidfire_2,Solar_1,Juggernaut_1	Kayle:GuinsoosRageblade+GuinsoosRageblade+HextechGunblade | Sejuani:GargoyleStoneplate+SpiritVisage+WarmogsArmor | Varus:GuinsoosRageblade+InfinityEdge+SpearOfShojin
425039	Fae/Tristana/Sivir	lvl 7	37460	4.97	40.8	7.9	Hecarim,Lillia,Ornn,Rakan,Sivir,Tristana,Xayah,Vi	Defender_1,Elderwood_1,Fae_2,Hunter_1,Vanguard_1,Juggernaut_1,Primal_1	Tristana:18_EmblemRapidfire+GuinsoosRageblade+KrakensFury | Sivir:InfinityEdge+LastWhisper+StrikersFlail | Vi:18_EmblemVanguard+GargoyleStoneplate+WarmogsArmor
425043	Blackthorn/Veigar	Standard	26599	4.97	41.7	7.6	Azir,Kobuko,Malphite,Rammus,RekSai,Soraka,Veigar,Fiddlesticks	Battlemage_1,Blackthorn_2,Brawler_1,Defender_1,Executioner_1,Spellweaver_1,Sprykin_1,FloraFatalis_2	Malphite:Crownguard+GargoyleStoneplate+SteadfastHeart | Veigar:BlueBuff+HextechGunblade+RabadonsDeathcap | Azir:GuinsoosRageblade+RedBuff+VoidStaff
425040	Elderwood/Kayle	lvl 6	134087	5.03	40.8	8.7	Hecarim,Kayle,Leona,Ornn,Rakan,Sejuani,Xayah	Defender_1,Elderwood_1,Fae_1,Rapidfire_1,Solar_1,Vanguard_1,Juggernaut_1	Xayah:GuinsoosRageblade+InfinityEdge+StrikersFlail | Kayle:JeweledGauntlet+RabadonsDeathcap+RedBuff | Ornn:BrambleVest+SpiritVisage+WarmogsArmor
425050	Blackthorn/Malphite	Fast 8	63597	5.03	40.2	8.2	Ahri,Azir,Malphite,Veigar,Yorick,Yunara,Zyra,Amumu	Battlemage_1,Blackthorn_2,Blossom_1,Executioner_1,Spellweaver_1,Summoner_2,ZyraUniqueTrait_1,Juggernaut_1	Malphite:Crownguard+GargoyleStoneplate+WarmogsArmor | Azir:GuinsoosRageblade+HextechGunblade+RabadonsDeathcap | Zyra:18_EmblemBlackthorn+18_EmblemExecutioner+VoidStaff
425044	Blossom/Yunara	lvl 6	51140	5.07	40.5	9.0	Kayle,LeBlanc,Leona,Sejuani,Yorick,Yunara,Karma	Blossom_1,Solar_1,Spellweaver_1,Juggernaut_1	Sejuani:DragonsClaw+GargoyleStoneplate+WarmogsArmor | Yunara:Deathblade+LastWhisper+SpearOfShojin | LeBlanc:18_EmblemExecutioner+SpearOfShojin+VoidStaff
425055	Defender/Soraka	Fast 8	15700	5.19	36.9	6.5	Alune,Diana,Kennen,Lillia,Maokai,Soraka,Amumu,Fiddlesticks,Taric	Defender_1,Executioner_1,Inferno_1,Lunar_1,Maokai_UniqueTrait_1,Spellweaver_1,Vanguard_1,AluneUniqueTrait_1,Emerald_1,FloraFatalis_2,Juggernaut_1	Soraka:ArchangelsStaff+RabadonsDeathcap+SpearOfShojin | Lillia:GargoyleStoneplate+IonicSpark+WarmogsArmor | Alune:JeweledGauntlet+SpearOfShojin+VoidStaff
425056	Executioner/KhaZix	Fast 8	15919	5.20	37.2	7.8	Aphelios,Diana,KhaZix,LeBlanc,Ornn,Rakan,Xayah,Amumu,Fiddlesticks	Defender_1,Elderwood_1,Fae_1,Lunar_1,Rapidfire_1,Rival_1,Spellweaver_1,Vanguard_1,FloraFatalis_1,Juggernaut_1	KhaZix:EdgeOfNight+HandOfJustice+JeweledGauntlet | Fiddlesticks:BrambleVest+DragonsClaw+WarmogsArmor | Aphelios:GiantSlayer+GuinsoosRageblade+KrakensFury
425052	Coven/Morgana	Fast 8	247677	5.29	33.9	11.1	Alune,Cassiopeia,Diana,ElderDragon,Elise,Morgana,Sentinel,Taric	ApexPredator_1,Coven_1,Invoker_1,Lunar_1,Spellweaver_1,Vanguard_2,AluneUniqueTrait_1,Emerald_1,Riftbeast_1	Morgana:Morellonomicon+RabadonsDeathcap+VoidStaff | Alune:JeweledGauntlet+NashorsTooth+SpearOfShojin | Sentinel:GargoyleStoneplate+ProtectorsVow+WarmogsArmor
425057	Riftbeast/Teemo	lvl 6	15424	5.46	32.4	2.6	Kayle,Leona,Sejuani,Sentry,Teemo,Gromp,Scuttlecrab	Invoker_1,Solar_1,Juggernaut_1,Riftbeast_1	Gromp:18_EmblemInvoker+JeweledGauntlet+StrikersFlail | Teemo:BlueBuff+Morellonomicon+VoidStaff | Sejuani:GargoyleStoneplate+ProtectorsVow+WarmogsArmor
425058	Fae/Tristana/Xayah	lvl 7	25006	5.53	30.9	4.7	Hecarim,Lillia,Ornn,Rakan,Tristana,Varus,Xayah,Amumu	Defender_1,Elderwood_1,Fae_2,Inferno_1,Rapidfire_1,Vanguard_1,Juggernaut_1	Xayah:GuinsoosRageblade+HextechGunblade+KrakensFury | Lillia:ProtectorsVow+SpiritVisage+WarmogsArmor | Tristana:18_EmblemRapidfire+GuinsoosRageblade+InfinityEdge
