425000	2-5>5,3-2>6,3-6>7,4-2>8,5-5>9	Ashe:1,Maokai:25,Sejuani:23,Sivir:1,Yorick:23,Zyra:7,Amumu:25,Scuttlecrab:23,Vi:25	Caitlyn,Camille,Elise,Rakan@3.99@830|Sejuani,Yorick,Yunara,Karma@4@1171 ; Caitlyn,Camille,Cassiopeia,Elise,Rakan@3.87@614|LeBlanc,Rakan,Yorick,Yunara,Karma@3.91@523 ; Rakan,Sejuani,Yorick,Yunara,Karma,Vi@3.96@740|Sejuani,Yorick,Yunara,Karma,Scuttlecrab,Vi@4.09@770 ; Rakan,Sejuani,Yorick,Zyra,Amumu,Scuttlecrab,Vi@3.68@578|Rakan,Sejuani,Sivir,Yorick,Zyra,Scuttlecrab,Vi@3.83@466
425001	2-5>5,3-2>6,3-6>7,4-2>8,6-1>9	Aphelios:1,Rakan:18,Varus:7,Xayah:3,Amumu:25,Brambleback:8,CrimsonRaptor:2,Sentinel:25	Rakan,Varus,Xayah,Yorick@4.34@192 ; Rakan,Varus,Xayah,Yorick,CrimsonRaptor@3.81@155 ;  ;
425002	2-5>5,3-2>6,3-5>7,4-2>8,6-1>9	Aphelios:1,Diana:18,Varus:7,Amumu:25,KogMaw:2,Nidalee:8,Sentinel:25,Vi:17	Caitlyn,Camille,Cassiopeia,Elise@3.68@2259|Caitlyn,Camille,Elise,Rakan@4.09@1937 ; LeBlanc,Ornn,Shen,Varus,Xayah,Elderwood_Lifeblossom,Elderwood_StonebarkTree@3.91@611|Caitlyn,Camille,Cassiopeia,Diana,Elise@3.99@868 ; Akali,Caitlyn,Camille,Elise,Shen,Varus@4.35@295|Akali,LeBlanc,Ornn,Shen,Varus,Xayah,Elderwood_Lifeblossom,Elderwood_StonebarkTree@4.38@356 ; Aphelios,Diana,Rakan,Varus,KogMaw,Nidalee,Vi@3.48@191|Aphelios,Diana,Varus,Amumu,Nidalee,Sentinel,Vi@3.73@215
425003	2-5>5,3-2>6,3-5>7,4-2>8,5-1>9,7-1>10	Alistar:24,Ezreal:1,GnarSmall:18,Ivern:1,Kennen:17,Maokai:25,Amumu:25,Draven:7,Taric:24	Caitlyn,Camille,Elise,Rakan@4.08@241|Caitlyn,Camille,Cassiopeia,Elise@4.31@354 ; LeBlanc,Ornn,Shen,Varus,Xayah,Elderwood_Lifeblossom,Elderwood_StonebarkTree@4.13@308|Hecarim,Ornn,Shen,Varus,Xayah,Elderwood_Lifeblossom,Elderwood_StonebarkTree@4.3@242 ; Akali,LeBlanc,Ornn,Shen,Varus,Xayah,Elderwood_Lifeblossom,Elderwood_StonebarkTree@3.92@157|Akali,Alistar,Ornn,Shen,Varus,Xayah,Elderwood_Lifeblossom,Elderwood_StonebarkTree@4.79@512 ;
425004	1-4>3,2-1>4,2-5>5,3-2>6,3-6>7,4-2>8,6-1>9	Ahri:5,Alistar:24,Ezreal:7,Ornn:23,Sett:25,Soraka:1,Yunara:6,Fiddlesticks:25	Alistar,LeBlanc,Ornn,Elderwood_Lifeblossom,Elderwood_StonebarkTree,Karma@4.15@231|Sejuani,Yorick,Yunara,Karma@4.24@242 ; LeBlanc,Rakan,Yorick,Yunara,Karma@3.69@175|Alistar,LeBlanc,Ornn,RekSai,Veigar,Elderwood_Lifeblossom,Elderwood_StonebarkTree@3.88@200 ; Alistar,LeBlanc,Ornn,Yorick,Yunara,Elderwood_Lifeblossom,Elderwood_StonebarkTree,Karma@4.21@169 ;
425005	2-5>5,3-2>6,3-6>7,4-2>8,6-1>9	Ahri:3,Morgana:11,Sentry:7,Sett:25,Karma:1,Krug:24,Sentinel:25,Taric:18	Caitlyn,Camille,Cassiopeia,Elise@3.73@3876|Akali,Caitlyn,Camille,Elise@4.04@842 ; Caitlyn,Camille,Cassiopeia,Elise,Karma@3.62@660|Caitlyn,Camille,Cassiopeia,Diana,Elise@4@977 ; Caitlyn,Camille,Cassiopeia,Elise,Hecarim,Karma@3.62@224|Caitlyn,Camille,Cassiopeia,Diana,Elise,Karma@4.02@447 ; Ahri,Morgana,Sentry,Sett,Karma,Krug,Sentinel@4.73@174
425006	2-5>5,3-2>6,3-6>7,6-1>8,7-1>9	MasterYi:14,Rengar:13,Sett:25,Yorick:24,Krug:23,Nidalee:7,Vi:27	MasterYi,Rengar,Yorick,Karma@3.81@303|Rengar,Yorick,Yunara,Karma@4.01@156 ; MasterYi,Rengar,Yorick,Karma,Vi@3.76@287|MasterYi,Rakan,Rengar,Yorick,Karma@4.01@166 ; MasterYi,Rengar,Yorick,Karma,Krug,Vi@3.97@215|MasterYi,Rengar,Yorick,Karma,KogMaw,Vi@4.33@200 ; MasterYi,Rengar,Sett,Yorick,KogMaw,Nidalee,Vi@3.66@2815|MasterYi,Rengar,Sett,Yorick,Krug,Nidalee,Vi@3.88@11333
425007	2-5>5,3-2>6,3-6>7,4-2>8,5-6>9	Ivern:1,Maokai:25,Sejuani:23,Yorick:23,Zyra:7,Amumu:25,Nidalee:1,Scuttlecrab:24,Vi:25	Caitlyn,Camille,Cassiopeia,Elise@3.7@347|Yorick,Yunara,Karma,Scuttlecrab@3.9@424 ; Rakan,Yorick,Yunara,Karma,Vi@3.75@161|Caitlyn,Camille,Cassiopeia,Elise,Rakan@3.85@212 ; Rakan,Sentry,Teemo,Yorick,Scuttlecrab,Vi@3.78@166|Sejuani,Yorick,Yunara,Karma,Scuttlecrab,Vi@3.91@211 ; Rakan,Sejuani,Yorick,Zyra,Nidalee,Scuttlecrab,Vi@3.8@152|Rakan,Sejuani,Yorick,Zyra,Amumu,Scuttlecrab,Vi@3.84@196
425008	2-6>5,3-2>6,3-6>7,6-1>8,7-2>9	Cassiopeia:7,Leona:23,Lillia:24,Ornn:23,Rammus:25,Shen:23,Fiddlesticks:26	Leona,Ornn,Rengar,Shen@3.9@279|Caitlyn,Camille,Cassiopeia,Elise@4.24@565 ; Cassiopeia,Leona,Rammus,Shen,Fiddlesticks@3.79@282|Cassiopeia,Leona,Ornn,Shen,Fiddlesticks@4.1@644 ; Cassiopeia,Leona,Ornn,Rammus,Rengar,Shen@3.77@229|Cassiopeia,Leona,Ornn,Rammus,Rengar,Fiddlesticks@3.94@255 ; Cassiopeia,Leona,Lillia,Rammus,Rengar,Shen,Fiddlesticks@3.54@7065|Cassiopeia,Lillia,Ornn,Rammus,Rengar,Shen,Fiddlesticks@3.63@13950
425009	2-5>5,3-2>6,3-6>7,4-2>8,5-3>9	Akali:15,Ashe:1,Ivern:1,Kennen:18,Lillia:25,Shen:24,Sivir:1,Amumu:25,Vi:24	Akali,Ornn,Shen,Varus@4.66@261|Ornn,Shen,Varus,Xayah@4.77@166 ;  ;  ;
425010	2-5>5,3-2>6,3-6>7,4-2>8,6-1>9	Azir:7,Kennen:12,Malphite:25,Soraka:1,Yorick:11,Zyra:1,Amumu:10,Fiddlesticks:11	Caitlyn,Camille,Cassiopeia,Elise@3.99@1226|Caitlyn,Camille,Elise,Rakan@4.12@585 ; Azir,Yorick,Yunara,Karma,Vi@3.7@350|Azir,Yorick,Yunara,Karma,Scuttlecrab@4@402 ; Azir,Veigar,Yorick,Yunara,Karma,Vi@3.81@167|Azir,Rakan,Yorick,Yunara,Fiddlesticks,Karma@4.14@285 ; Azir,Rammus,Soraka,Teemo,Veigar,Zyra,Fiddlesticks@4.49@209|Azir,Malphite,Soraka,Yorick,Zyra,Amumu,Fiddlesticks@4.98@163
425011	2-5>5,3-2>6,3-6>7,4-2>8,5-5>9	Alistar:24,Aphelios:1,Diana:17,Ezreal:2,GnarSmall:18,Hecarim:25,Lillia:25,Ornn:24,Xayah:1	Alistar,Ornn,RekSai,Xayah,Elderwood_Lifeblossom,Elderwood_StonebarkTree@4.18@205|LeBlanc,Leona,Ornn,Xayah,Elderwood_Lifeblossom,Elderwood_StonebarkTree@4.18@216 ; Alistar,Ornn,RekSai,Varus,Xayah,Elderwood_Lifeblossom,Elderwood_StonebarkTree@4.12@165|Akali,Ornn,Shen,Varus,Xayah,Elderwood_Lifeblossom,Elderwood_StonebarkTree@4.23@164 ; Alistar,Aphelios,Hecarim,LeBlanc,Ornn,Xayah,Elderwood_Lifeblossom,Elderwood_StonebarkTree,Elderwood_StonebarkTree@4.07@161|Alistar,Hecarim,LeBlanc,Ornn,Rakan,Xayah,Elderwood_Lifeblossom,Elderwood_StonebarkTree,Elderwood_StonebarkTree@4.39@207 ; Alistar,Aphelios,Diana,Hecarim,LeBlanc,Ornn,Xayah,Elderwood_Lifeblossom,Elderwood_StonebarkTree,Elderwood_StonebarkTree@3.79@172|Alistar,Hecarim,LeBlanc,Ornn,Shen,Varus,Xayah,Elderwood_Lifeblossom,Elderwood_StonebarkTree,Elderwood_StonebarkTree@4.25@177
425012	2-5>5,3-2>6,3-6>7,4-2>8,5-5>9	Ahri:1,Ashe:1,GnarSmall:18,Sett:25,Sivir:1,Yorick:24,Zyra:7,Karma:1,Vi:25	MasterYi,Rakan,Yorick,Karma@4.04@202|LeBlanc,Rakan,Yorick,Karma@4.1@243 ; LeBlanc,Rakan,Yorick,Yunara,Karma@3.94@206|Rakan,Yorick,Yunara,Fiddlesticks,Karma@4.13@151 ;  ;
425013	2-6>5,3-2>6,3-6>7,6-1>8,7-2>9	Azir:1,Rammus:25,Soraka:5,Teemo:11,Veigar:7,Zyra:3,Fiddlesticks:12	Azir,Rammus,Teemo,Veigar@3.62@1362|Azir,Rakan,Veigar,Yorick@3.73@1260 ; Azir,Rammus,Teemo,Veigar,Fiddlesticks@3.54@2807|Azir,Veigar,Yorick,Yunara,Karma@3.81@537 ; Azir,KhaZix,Rammus,Teemo,Veigar,Fiddlesticks@3.5@587|Azir,Rammus,Teemo,Veigar,Zyra,Fiddlesticks@3.55@1138 ; Azir,Rammus,Soraka,Teemo,Veigar,Zyra,Fiddlesticks@3.62@110184
425014	2-3>4,3-2>5,4-1>6,4-6>7,5-6>8,7-1>9	Alistar:25,Cassiopeia:11,LeBlanc:2,Ornn:25,RekSai:10,Veigar:1,Fiddlesticks:12	Alistar,LeBlanc,RekSai,Veigar@3.86@9038|Alistar,LeBlanc,Ornn,Veigar,Elderwood_Lifeblossom,Elderwood_StonebarkTree@3.9@29247 ; Alistar,LeBlanc,Ornn,RekSai,Veigar,Elderwood_Lifeblossom,Elderwood_StonebarkTree@4.18@140352 ; Alistar,LeBlanc,Ornn,RekSai,Veigar,Elderwood_Lifeblossom,Elderwood_StonebarkTree,Fiddlesticks@4@92494 ; Alistar,Cassiopeia,LeBlanc,Ornn,RekSai,Veigar,Elderwood_Lifeblossom,Elderwood_StonebarkTree,Fiddlesticks@3.44@111639
425015	3-1>5,3-2>6,4-5>7,5-5>8,6-5>9	Caitlyn:7,Rakan:24,Sejuani:25,Sivir:6,Yorick:23,Amumu:25,Scuttlecrab:25,Vi:25	Caitlyn,Camille,Cassiopeia,Elise@4.15@590|Caitlyn,Camille,Elise,Rakan@4.32@1212 ; Caitlyn,Camille,Cassiopeia,Elise,Rakan@4.23@454|Caitlyn,Camille,Elise,Rakan,Scuttlecrab@4.43@371 ; Caitlyn,Sejuani,Sivir,Amumu,Scuttlecrab,Vi@4.33@1344|Caitlyn,Rakan,Sejuani,Sivir,Scuttlecrab,Vi@4.49@6945 ; Caitlyn,Rakan,Sejuani,Sivir,Tristana,Scuttlecrab,Vi@3.84@5679
425016	2-5>5,3-2>6,3-6>7,4-2>8,6-1>9	Malphite:25,RekSai:12,Sivir:1,Cinderling:7,KogMaw:2,Krug:11,Nidalee:8,Sentinel:12	Caitlyn,Camille,Cassiopeia,Elise@4.57@204|Akali,Ornn,Shen,Varus@4.59@195 ;  ;  ;
425017	2-2>4,3-1>5,3-2>6,4-5>7,5-6>8,7-1>9	Alistar:25,Azir:7,Ezreal:3,RekSai:13,Soraka:5,Warwick:8,Yunara:1,Murkwolf:11	Rakan,Yorick,Yunara,Karma@4.11@176 ;  ; Alistar,Azir,RekSai,Warwick,Yunara,Murkwolf@4.03@4229 ; Alistar,Azir,RekSai,Soraka,Warwick,Yunara,Murkwolf@3.16@295|Alistar,Azir,Ezreal,RekSai,Warwick,Yunara,Murkwolf@3.22@1054
425018	2-2>4,2-6>5,3-2>6,4-5>7,5-3>8,6-3>9	Alistar:25,Hecarim:11,Kobuko:9,LeBlanc:6,Morgana:17,Teemo:1,Veigar:1,Sentinel:12	 ; Alistar,Kobuko,LeBlanc,Teemo,Veigar@4.9@250 ; Alistar,Kobuko,LeBlanc,Ornn,Teemo,Veigar,Elderwood_Lifeblossom,Elderwood_StonebarkTree@4.41@216|Alistar,Hecarim,Kobuko,LeBlanc,Teemo,Veigar,Elderwood_Lifeblossom,Elderwood_StonebarkTree@4.9@1427 ; Alistar,Hecarim,Kobuko,LeBlanc,Morgana,Teemo,Veigar,Elderwood_Lifeblossom,Elderwood_StonebarkTree@4.37@191|Alistar,Hecarim,Kobuko,LeBlanc,Teemo,Veigar,Elderwood_Lifeblossom,Elderwood_StonebarkTree,Sentinel@4.72@603
425019	2-2>4,3-1>5,3-2>6,4-5>7,5-5>8,7-1>9	Azir:1,Diana:12,Malphite:25,RekSai:25,Warwick:1,Brambleback:10,Krug:11,Murkwolf:11	RekSai,Warwick,Krug,Murkwolf@3.79@328|Akali,Camille,Warwick,Murkwolf@4.09@540 ; Camille,Diana,RekSai,Warwick,Murkwolf@4.12@291|Akali,Camille,RekSai,Warwick,Murkwolf@4.21@641 ; Camille,Diana,RekSai,Warwick,Krug,Murkwolf@4.02@1351|Akali,Diana,RekSai,Warwick,Krug,Murkwolf@4.17@951 ; Diana,Malphite,RekSai,Warwick,Brambleback,Krug,Murkwolf@3.65@1666|Diana,Elise,RekSai,Warwick,Brambleback,Krug,Murkwolf@3.65@455
425020	2-5>5,3-2>6,3-6>7,5-2>8,6-6>9	Azir:1,KhaZix:11,RekSai:12,Sett:25,Yorick:12,Yunara:2,Zyra:2,Vi:25	Azir,KhaZix,RekSai,Yorick@3.76@186|Azir,Yorick,Yunara,Karma@4.39@176 ; Azir,KhaZix,RekSai,Yorick,Yunara@4.02@169|Azir,KhaZix,RekSai,Yorick,Vi@4.16@220 ; Azir,KhaZix,Yorick,Yunara,Karma,Vi@3.89@218|Azir,KhaZix,RekSai,Yorick,Yunara,Vi@4.01@484 ; Azir,KhaZix,RekSai,Sett,Yorick,Yunara,Vi@4.06@5338|Azir,KhaZix,RekSai,Yorick,Yunara,Zyra,Vi@4.6@1143
425021	2-6>5,3-2>6,3-6>7,5-5>8,6-3>9	Lillia:25,Rakan:24,Rammus:25,Rengar:14,Sivir:6,Tristana:7,Vi:25	Rakan,Yorick,Yunara,Karma@4.86@157 ;  ;  ; Lillia,Rakan,Rammus,Rengar,Sivir,Tristana,Vi@3.69@3522|Kobuko,Lillia,Rakan,Rammus,Rengar,Tristana,Vi@4.25@1047
425022	2-5>5,3-2>6,3-6>7,6-1>8,7-3>9	Diana:16,Ezreal:1,Hecarim:24,KhaZix:23,Ornn:10,Soraka:1,Fiddlesticks:10	KhaZix@3.35@685|Hecarim,KhaZix,LeBlanc,Ornn,Elderwood_Lifeblossom,Elderwood_StonebarkTree@3.85@681 ; KhaZix@3.16@998|Diana,Hecarim,KhaZix,LeBlanc,Ornn,Elderwood_Lifeblossom,Elderwood_StonebarkTree@3.41@872 ; Azir,Diana,Hecarim,KhaZix,Ornn,Fiddlesticks@3.57@363|Diana,Hecarim,KhaZix,LeBlanc,Ornn,Elderwood_Lifeblossom,Elderwood_StonebarkTree,Fiddlesticks@3.77@1656 ; Diana,Ezreal,Hecarim,KhaZix,Ornn,Soraka,Elderwood_Lifeblossom,Elderwood_StonebarkTree,Fiddlesticks@3.39@58184|Azir,Diana,Ezreal,Hecarim,KhaZix,Ornn,Elderwood_Lifeblossom,Elderwood_StonebarkTree,Fiddlesticks@3.45@9180
425023	2-6>5,3-2>6,3-6>7,6-1>8	MasterYi:14,Sett:25,Yorick:24,KogMaw:7,Krug:25,Nidalee:6,Vi:25	MasterYi,Rakan,Yorick,Karma@3.48@153 ;  ;  ; MasterYi,Sett,Yorick,KogMaw,Krug,Nidalee,Vi@3.88@8151|Alistar,MasterYi,Sett,Yorick,KogMaw,Krug,Vi@4.1@1226
425024	2-5>5,3-2>6,4-1>7,4-5>8,5-5>9	ElderDragon:11,GnarSmall:18,Sentry:1,Brambleback:14,Krug:25,Murkwolf:9,Sentinel:25,Taric:24	RekSai,Sentry,Cinderling,Krug@4.22@211|Sentry,Cinderling,Krug,Scuttlecrab@4.29@270 ; Sentry,Cinderling,Gromp,Krug,Murkwolf@4.39@802|Sentry,Cinderling,Gromp,Krug,Scuttlecrab@4.43@1806 ; Alistar,Sentry,Cinderling,Krug,Murkwolf,Scuttlecrab@4.33@236|Sentry,Brambleback,Cinderling,Krug,Murkwolf,Scuttlecrab@4.38@788 ; Sentry,Brambleback,Cinderling,Krug,Murkwolf,Scuttlecrab,Sentinel@3.98@3957|Sentry,Cinderling,Gromp,Krug,Murkwolf,Scuttlecrab,Sentinel@4.16@3066
425025	2-5>5,3-2>6,3-5>7,4-2>8,5-1>9,7-3>10	Ashe:1,Ivern:1,Kennen:18,Maokai:25,Rakan:23,Sivir:7,Amumu:25,Taric:24,Vi:25	Caitlyn,Camille,Cassiopeia,Elise@3.66@661|Yorick,Yunara,Karma,Scuttlecrab@4.14@591 ; Rakan,Yorick,Yunara,Karma,Scuttlecrab@3.84@256|Caitlyn,Camille,Cassiopeia,Elise,Rakan@3.84@424 ; Caitlyn,Camille,Cassiopeia,Elise,Rakan,Vi@3.8@171|Rakan,Yorick,Yunara,Karma,Scuttlecrab,Vi@3.89@361 ;
425026	2-5>5,3-2>6,3-6>7,4-2>8,5-3>9	Alune:1,Diana:18,Hecarim:26,Morgana:17,Sentry:7,Brambleback:14,KogMaw:2,Sentinel:25,Taric:24	Caitlyn,Camille,Cassiopeia,Elise@3.9@1217|Caitlyn,Camille,Elise,Rakan@3.91@609 ; Caitlyn,Camille,Cassiopeia,Diana,Elise@3.81@578|Caitlyn,Camille,Cassiopeia,Elise,Rakan@3.94@457 ; Caitlyn,Camille,Cassiopeia,Diana,Elise,Morgana@3.88@241|Caitlyn,Camille,Cassiopeia,Diana,Elise,Fiddlesticks@4.02@195 ; Diana,Elise,Hecarim,Morgana,Brambleback,Murkwolf,Sentinel@4.11@203
425027	2-1>4,2-5>5,3-2>6,3-6>7,4-2>8,5-6>9	Sivir:7,Amumu:25,Cinderling:1,KogMaw:2,Nidalee:8,Scuttlecrab:24,Sentinel:25,Taric:25	 ;  ;  ;
425028	2-5>5,3-2>6,3-6>7,4-2>8,5-5>9	Ivern:1,Rakan:23,Sejuani:24,Yorick:23,Zyra:7,Amumu:25,Scuttlecrab:24,Vi:25	Yorick,Yunara,Karma,Vi@4.03@216|Caitlyn,Camille,Cassiopeia,Elise@4.47@213 ; Azir,Rakan,Yorick,Yunara,Karma@4.19@157|Rakan,Sejuani,Teemo,Yorick,Scuttlecrab@4.38@166 ; Rakan,Yorick,Yunara,Karma,Scuttlecrab,Vi@4.41@187|Rakan,Sejuani,Yorick,Yunara,Karma,Scuttlecrab@4.69@201 ; Azir,Rakan,Sejuani,Yorick,Zyra,Scuttlecrab,Vi@3.87@196|Rakan,Sejuani,Yorick,Zyra,Amumu,Scuttlecrab,Vi@4.09@161
425029	1-4>3,2-1>4,2-5>5,3-2>6,4-1>7,4-5>8,6-2>9	Hecarim:25,Morgana:17,Sentry:7,Sett:25,Teemo:1,KogMaw:1,Krug:25,Sentinel:25	 ;  ;  ;
425030	2-5>5,3-2>6,3-6>7,4-2>8,5-2>9	Ashe:1,GnarSmall:18,Ivern:1,Maokai:25,Sett:25,Sivir:1,Yorick:24,Amumu:25,Vi:25	 ;  ;  ;
425031	2-5>5,3-2>6,3-6>7,6-1>8,7-1>9	Aphelios:1,Diana:17,Ezreal:2,Hecarim:25,KhaZix:9,LeBlanc:7,Rengar:8	KhaZix,Rakan,Rengar,Yorick@4.66@265|KhaZix,Kobuko,RekSai,Rengar@4.67@205 ; Hecarim,KhaZix,LeBlanc,Ornn,Rengar,Elderwood_Lifeblossom,Elderwood_StonebarkTree@4.83@201|Alistar,KhaZix,LeBlanc,Ornn,Rengar,Elderwood_Lifeblossom,Elderwood_StonebarkTree@4.83@213 ; Alistar,Diana,Hecarim,KhaZix,LeBlanc,Rengar,Elderwood_Lifeblossom,Elderwood_StonebarkTree@4.22@185|Diana,Hecarim,KhaZix,LeBlanc,Ornn,Rengar,Elderwood_Lifeblossom,Elderwood_StonebarkTree@4.79@218 ; Aphelios,Diana,Ezreal,Hecarim,KhaZix,LeBlanc,Rengar,Elderwood_Lifeblossom,Elderwood_StonebarkTree@4.36@5793
425032	2-3>4,3-2>5,4-1>6,4-5>7,5-2>8,6-3>9	GnarSmall:10,Kobuko:11,Rammus:11,RekSai:25,Sett:13,Teemo:2,Veigar:1,Fiddlesticks:11	Kobuko,LeBlanc,RekSai,Veigar@4.53@313|Kobuko,RekSai,Veigar,Karma@4.54@171 ; Kobuko,Rammus,RekSai,Teemo,Veigar@4.68@339|Kobuko,LeBlanc,RekSai,Teemo,Veigar@4.73@326 ; Kobuko,Rammus,RekSai,Teemo,Veigar,Fiddlesticks@4.91@1111 ; GnarSmall,Kobuko,Rammus,RekSai,Teemo,Veigar,Fiddlesticks@4.13@210|Kobuko,Rammus,RekSai,Teemo,Tristana,Veigar,Fiddlesticks@4.69@880
425033	2-5>5,3-2>6,3-6>7,4-2>8,5-2>9	Ahri:1,Alune:1,Cassiopeia:1,Diana:18,Elise:25,Morgana:17,Fiddlesticks:24,Sentinel:25,Taric:24	Caitlyn,Camille,Cassiopeia,Elise@3.85@2117|Caitlyn,Camille,Elise,Rakan@4.32@1030 ; Caitlyn,Camille,Cassiopeia,Elise,Hecarim@3.88@401|Caitlyn,Camille,Cassiopeia,Diana,Elise@3.95@1085 ; Caitlyn,Camille,Cassiopeia,Diana,Elise,Hecarim@3.98@214|Caitlyn,Camille,Cassiopeia,Diana,Elise,Morgana@4.08@310 ; Caitlyn,Camille,Cassiopeia,Diana,Elise,Morgana,Sentinel@3.43@155|Caitlyn,Camille,Cassiopeia,Diana,Elise,Morgana,Fiddlesticks@3.82@311
425034	1-4>3,2-1>4,2-5>5,3-2>6,3-5>7,4-2>8,5-1>9,7-2>10	Ashe:1,ElderDragon:17,Ivern:1,Kennen:17,Maokai:25,Amumu:25,Sentinel:25,Taric:24	Rakan,Yorick,Yunara,Karma@5.34@171|Akali,Ornn,Shen,Varus@5.37@175 ;  ;  ;
425035	2-1>4,2-5>5,3-2>6,3-6>7,4-2>8,6-1>9	Aphelios:1,Diana:17,Hecarim:25,Zyra:7,Brambleback:8,CrimsonRaptor:2,Sentinel:25,Taric:18	 ;  ;  ;
425036	2-5>5,3-2>6,3-6>7,4-2>8,6-1>9	Morgana:17,Sentry:7,KogMaw:2,Nidalee:8,Scuttlecrab:25,Sentinel:25,Taric:24,Vi:25	 ;  ;  ;
425037	1-4>3,2-3>4,3-1>5,3-5>6,5-1>7,6-1>8	Kayle:1,Leona:25,Rakan:25,Sejuani:25,Shen:25,Varus:2,Xayah:2	 ; Kayle,Leona,Sejuani,Shen,Varus@4.99@259 ; Kayle,Leona,Sejuani,Shen,Varus,Xayah@4.89@170|Akali,Kayle,Leona,Sejuani,Shen,Varus@5.2@153 ; Kayle,Leona,Rakan,Sejuani,Shen,Varus,Xayah@4.69@150
425038	2-1>3,2-2>4,2-6>5,3-2>6,4-1>7,5-1>8,6-1>9	Kobuko:26,Lillia:25,Morgana:17,Rammus:25,Teemo:1,Tristana:1,Veigar:3,Sentinel:24	 ;  ;  ;
425039	2-5>5,3-2>6,3-6>7,4-5>8,6-1>9	Hecarim:25,Lillia:25,Ornn:27,Rakan:24,Sivir:1,Tristana:1,Xayah:2,Vi:25	 ;  ;  ;
425040	2-3>4,3-2>5,4-1>6,5-1>7,6-1>8,7-1>9	Hecarim:12,Kayle:1,Leona:25,Ornn:25,Rakan:11,Sejuani:25,Xayah:2	LeBlanc,Leona,Ornn,Xayah,Elderwood_Lifeblossom,Elderwood_StonebarkTree@4.76@683|Kayle,Leona,Ornn,Xayah@4.81@1303 ; Kayle,LeBlanc,Leona,Ornn,Xayah,Elderwood_Lifeblossom,Elderwood_StonebarkTree@4.92@1098|LeBlanc,Leona,Ornn,Rakan,Xayah,Elderwood_Lifeblossom,Elderwood_StonebarkTree@5.03@517 ; Kayle,LeBlanc,Leona,Ornn,Sejuani,Xayah,Elderwood_Lifeblossom,Elderwood_StonebarkTree@4.85@1827|Kayle,Leona,Ornn,Rakan,Sejuani,Xayah@5.12@4679 ; Kayle,LeBlanc,Leona,Ornn,Rakan,Sejuani,Xayah,Elderwood_Lifeblossom,Elderwood_StonebarkTree@3.82@1389|Hecarim,Kayle,Leona,Ornn,Rakan,Sejuani,Xayah,Elderwood_Lifeblossom,Elderwood_StonebarkTree@3.91@2494
425041	1-4>3,2-1>4,2-5>5,3-2>6,3-6>7,4-2>8,5-6>9	Ahri:1,Cassiopeia:1,Lillia:25,RekSai:11,Sett:25,Veigar:1,Fiddlesticks:25,Karma:1	 ;  ;  ;
425042	2-3>4,3-2>5,4-2>6,5-1>7,6-1>8,7-1>9	Akali:8,Camille:9,Kayle:7,Leona:11,Ornn:25,Sejuani:14,Varus:1	Akali,Camille,Leona,Ornn@4.52@3636|Akali,Camille,Ornn,Varus@4.57@2297 ; Akali,Camille,Leona,Ornn,Varus@4.73@13541 ; Akali,Camille,Kayle,Leona,Ornn,Varus@4.76@3410|Akali,Camille,Leona,Ornn,Sejuani,Varus@4.82@1282 ; Akali,Camille,Kayle,Leona,Ornn,Sejuani,Varus@3.83@8823
425043	3-1>5,3-5>6,4-2>7,5-1>8,6-2>9	Azir:2,Kobuko:11,Malphite:25,Rammus:11,RekSai:25,Soraka:11,Veigar:1,Fiddlesticks:10	Kobuko,LeBlanc,RekSai,Veigar@4.41@161|Kobuko,RekSai,Teemo,Veigar@4.5@168 ; Alistar,LeBlanc,Ornn,RekSai,Veigar,Elderwood_Lifeblossom,Elderwood_StonebarkTree@3.92@237|Kobuko,Rammus,RekSai,Veigar,Fiddlesticks@4.43@422 ; Azir,Kobuko,Rammus,RekSai,Veigar,Fiddlesticks@4.25@216 ; Azir,Kobuko,Malphite,Rammus,RekSai,Veigar,Fiddlesticks@4.14@370
425044	3-1>5,3-3>6,5-1>7,5-6>8,7-2>9	Kayle:7,LeBlanc:2,Leona:18,Sejuani:25,Yorick:11,Yunara:1,Karma:1	LeBlanc,Yorick,Yunara,Karma@4.52@1412|Sejuani,Yorick,Yunara,Karma@4.75@2069 ; LeBlanc,Sejuani,Yorick,Yunara,Karma@4.77@4233|Leona,Sejuani,Yorick,Yunara,Karma@4.82@799 ; Kayle,Leona,Sejuani,Yorick,Yunara,Karma@4.88@1596|Azir,LeBlanc,Sejuani,Yorick,Yunara,Karma@4.91@8066 ; Azir,Kayle,Leona,Sejuani,Yorick,Yunara,Karma@3.92@882|Kayle,LeBlanc,Leona,Sejuani,Yorick,Yunara,Karma@4@5860
425045	2-5>5,3-2>6,3-6>7,4-2>8,5-3>9,7-1>10	Alistar:24,Ezreal:1,GnarSmall:18,Hecarim:25,LeBlanc:1,Ornn:23,Soraka:7,Xayah:1,Fiddlesticks:24	Alistar,LeBlanc,Ornn,Elderwood_Lifeblossom,Elderwood_StonebarkTree,Karma@4.5@150|Alistar,LeBlanc,Ornn,Veigar,Elderwood_Lifeblossom,Elderwood_StonebarkTree@4.65@179 ; Alistar,Ornn,Shen,Varus,Xayah,Elderwood_Lifeblossom,Elderwood_StonebarkTree@4.6@171|Alistar,Hecarim,LeBlanc,Ornn,Xayah,Elderwood_Lifeblossom,Elderwood_StonebarkTree,Elderwood_StonebarkTree@4.85@911 ; Alistar,Hecarim,LeBlanc,Ornn,Xayah,Elderwood_Lifeblossom,Elderwood_StonebarkTree,Elderwood_StonebarkTree,Fiddlesticks@4.89@314|Alistar,Hecarim,LeBlanc,Ornn,Varus,Xayah,Elderwood_Lifeblossom,Elderwood_StonebarkTree,Elderwood_StonebarkTree@4.98@160 ;
425046	1-4>3,2-3>4,3-1>5,3-3>6,4-2>7,5-2>8,6-5>9	Alune:1,Aphelios:2,Diana:17,Kayle:1,Leona:25,Sejuani:25,Shen:24,Amumu:24	 ;  ; Aphelios,Diana,Kayle,Leona,Sejuani,Shen@4.69@228 ; Aphelios,Diana,Kayle,Leona,Sejuani,Shen,Amumu@3.46@177
425047	2-5>5,3-2>6,3-5>7,4-2>8,4-6>9,7-1>10	ElderDragon:17,Ivern:1,Kennen:18,Maokai:25,Amumu:26,Draven:1,Sentinel:25,Taric:24	Caitlyn,Camille,Cassiopeia,Elise@3.76@1529|Caitlyn,Camille,Elise,Rakan@4.03@1351 ; Caitlyn,Camille,Cassiopeia,Elise,Rakan@3.77@821|Caitlyn,Camille,Cassiopeia,Diana,Elise@3.79@779 ; Caitlyn,Camille,Cassiopeia,Diana,Elise,Morgana@3.57@176|Hecarim,Ornn,Rakan,Shen,Varus,Xayah,Elderwood_Lifeblossom,Elderwood_StonebarkTree@3.98@177 ; Sentry,Cinderling,Gromp,Krug,Murkwolf,Scuttlecrab,Sentinel@3.84@164|Sentry,Brambleback,Cinderling,Gromp,Krug,Murkwolf,Scuttlecrab@4.9@173
425048	2-1>4,2-5>5,3-2>6,4-1>7,5-2>8,7-1>9	Azir:1,KhaZix:23,Malphite:25,RekSai:12,Soraka:11,Veigar:11,Warwick:10,Fiddlesticks:11	 ;  ;  ; Azir,KhaZix,Malphite,RekSai,Soraka,Veigar,Warwick@4.23@282|Azir,KhaZix,Malphite,RekSai,Veigar,Warwick,Krug@4.39@358
425049	2-5>5,3-2>6,3-6>7,4-2>8,5-2>9,7-1>10	Ahri:1,Ashe:1,GnarSmall:18,Maokai:25,MasterYi:24,Sett:25,Yorick:24,Yunara:3,Karma:1	Rakan,Yorick,Yunara,Karma@4.96@276 ;  ;  ;
425050	2-6>5,3-2>6,3-6>7,4-2>8,6-1>9	Ahri:11,Azir:1,Malphite:25,Veigar:11,Yorick:12,Yunara:3,Zyra:7,Amumu:10	Rakan,Yorick,Yunara,Karma@5.07@192 ;  ;  ;
425051	1-4>3,2-1>4,2-6>5,3-2>6,3-6>7,5-6>8,7-1>9	Aphelios:2,Diana:15,Hecarim:25,Rengar:22,Brambleback:16,CrimsonRaptor:1,Sentinel:25	 ;  ;  ; Aphelios,Diana,Hecarim,Rengar,Brambleback,CrimsonRaptor,Murkwolf@3.17@154|Aphelios,Diana,Hecarim,Rengar,Brambleback,CrimsonRaptor,Sentinel@3.72@281
425052	2-5>5,3-2>6,3-6>7,4-2>8,5-3>9,7-1>10	Alune:1,Cassiopeia:1,Diana:25,ElderDragon:17,Elise:25,Morgana:17,Sentinel:25,Taric:24	Caitlyn,Camille,Cassiopeia,Elise@5.19@1393|Akali,Caitlyn,Camille,Elise@5.2@492 ; Caitlyn,Camille,Cassiopeia,Diana,Elise@5.1@945|Akali,Caitlyn,Camille,Cassiopeia,Elise@5.2@213 ; Caitlyn,Camille,Cassiopeia,Diana,Elise,Rakan@5.19@228|Caitlyn,Camille,Cassiopeia,Diana,Elise,Morgana@5.35@470 ; Caitlyn,Camille,Cassiopeia,Diana,Elise,Hecarim,Sentinel@4.47@178|Caitlyn,Camille,Cassiopeia,Diana,Elise,Morgana,Sentinel@4.6@234
425053	2-5>5,3-2>6,3-5>7,4-2>8,5-1>9	Alune:2,Aphelios:1,Diana:17,Ivern:1,Kennen:17,Maokai:25,Varus:7,Amumu:25,Taric:24	 ;  ;  ;
425054	2-5>5,3-2>6,3-5>7,4-2>8,5-1>9,7-1>10	Ashe:1,ElderDragon:17,GnarSmall:18,Kennen:18,Sett:25,Yorick:24,Amumu:25,Cinderling:1	 ;  ;  ;
425055	1-4>3,2-1>4,2-5>5,3-2>6,3-6>7,4-2>8,5-3>9	Alune:1,Diana:18,Kennen:18,Lillia:25,Maokai:25,Soraka:1,Amumu:25,Fiddlesticks:25,Taric:24	 ;  ;  ;
425056	1-4>3,2-1>4,2-5>5,3-2>6,3-5>7,4-2>8,5-5>9	Aphelios:1,Diana:17,KhaZix:23,LeBlanc:2,Ornn:26,Rakan:26,Xayah:1,Amumu:25,Fiddlesticks:25	 ;  ;  ;
425057	2-3>4,3-1>5,3-2>6,5-1>7,6-1>8	Kayle:7,Leona:24,Sejuani:25,Sentry:7,Teemo:1,Gromp:1,Scuttlecrab:25	 ; Sejuani,Sentry,Teemo,Gromp,Scuttlecrab@5.16@279 ; Sejuani,Sentry,Teemo,Gromp,KogMaw,Scuttlecrab@5.01@1434|Leona,Sejuani,Sentry,Teemo,Gromp,Scuttlecrab@5.91@655 ; Kayle,Leona,Sejuani,Sentry,Teemo,Gromp,Scuttlecrab@4.4@774
425058	1-4>3,2-2>4,3-1>5,3-2>6,4-1>7,5-1>8,6-1>9	Hecarim:25,Lillia:25,Ornn:25,Rakan:25,Tristana:1,Varus:2,Xayah:1,Amumu:25	 ;  ;  ;
