Amumu	4.3412	48.0	GargoyleStoneplate+WarmogsArmor+SpiritVisage+Crownguard+DragonsClaw
Sentinel	4.3993	38.3	ProtectorsVow+GargoyleStoneplate+WarmogsArmor+AdaptiveHelm+SpiritVisage
Vi	4.5234	35.3	GargoyleStoneplate+WarmogsArmor+ThiefsGloves+SpiritVisage+SunfireCape
Maokai	4.0963	27.1	GargoyleStoneplate+WarmogsArmor+SpiritVisage+Crownguard+DragonsClaw
Fiddlesticks	4.4135	26.8	ThiefsGloves+GargoyleStoneplate+IonicSpark+WarmogsArmor+SunfireCape
Kennen	3.9639	24.8	ThiefsGloves+EdgeOfNight+HandOfJustice+JeweledGauntlet+RabadonsDeathcap
Yorick	4.5954	24.7	ThiefsGloves+GargoyleStoneplate+WarmogsArmor+SunfireCape
Diana	4.4659	24.4	ThiefsGloves+IonicSpark+HandOfJustice+JeweledGauntlet+Bloodthirster
Taric	4.0233	24.4	GargoyleStoneplate+WarmogsArmor+SpiritVisage+ThiefsGloves+ProtectorsVow
Zyra	4.3867	23.6	ArchangelsStaff+HextechGunblade+VoidStaff+SpearOfShojin+Morellonomicon
Ivern	3.8496	22.6	SpearOfShojin+GuinsoosRageblade+AdaptiveHelm+ArchangelsStaff+VoidStaff
Nidalee	4.3912	18.4	InfinityEdge+SteraksGage+SpearOfShojin+EdgeOfNight+HandOfJustice
Sivir	4.5334	18.3	InfinityEdge+SpearOfShojin+RedBuff+LastWhisper+Deathblade
Soraka	4.3054	18.3	SpearOfShojin+RabadonsDeathcap+JeweledGauntlet+ArchangelsStaff+VoidStaff
Aphelios	4.3541	17.6	GuinsoosRageblade+KrakensFury+InfinityEdge+Deathblade+RedBuff
Azir	4.5075	16.9	HextechGunblade+GuinsoosRageblade+RabadonsDeathcap+ArchangelsStaff+VoidStaff
KogMaw	4.4045	16.9	RedBuff+SpearOfShojin+GuinsoosRageblade+InfinityEdge
Ashe	4.0524	16.2	SpearOfShojin+RedBuff+LastWhisper+InfinityEdge+18_EmblemInferno
Ornn	4.4398	16.2	GargoyleStoneplate+WarmogsArmor+SpiritVisage+Crownguard+SteadfastHeart
Sett	4.4921	15.9	GargoyleStoneplate+WarmogsArmor+SpiritVisage+DragonsClaw+SteadfastHeart
Rakan	4.8176	15.8	ThiefsGloves+GargoyleStoneplate+WarmogsArmor+ProtectorsVow+SpiritVisage
Scuttlecrab	4.6708	15.2	GargoyleStoneplate+WarmogsArmor+SpiritVisage+ThiefsGloves+SunfireCape
Ahri	4.3675	14.8	JeweledGauntlet+SpearOfShojin+StrikersFlail+18_EmblemInvoker+RabadonsDeathcap
Alistar	4.4584	14.5	GargoyleStoneplate+WarmogsArmor+SpiritVisage+Crownguard+SteadfastHeart
Veigar	4.315	14.3	JeweledGauntlet+BlueBuff+HextechGunblade
Varus	4.4394	13.2	SpearOfShojin+LastWhisper+InfinityEdge+GuinsoosRageblade
Ezreal	4.4114	13.1	SpearOfShojin+LastWhisper+Deathblade+InfinityEdge+RedBuff
Krug	4.5635	13.1	GargoyleStoneplate+WarmogsArmor+SpiritVisage+ThiefsGloves+SunfireCape
Alune	3.6815	12.9	SpearOfShojin+JeweledGauntlet+ArchangelsStaff+VoidStaff+BlueBuff
Gnar	3.9709	12.7	ThiefsGloves+SteraksGage+Bloodthirster+EdgeOfNight+TitansResolve
Morgana	4.5208	12.4	VoidStaff+Morellonomicon+RedBuff+HextechGunblade+RabadonsDeathcap
Lux	3.6161	12.2	SpearOfShojin+JeweledGauntlet+VoidStaff+RabadonsDeathcap+ArchangelsStaff
RekSai	4.424	11.7	GargoyleStoneplate+ThiefsGloves+WarmogsArmor+SunfireCape+SpiritVisage
ElderDragon	4.127	11.7	InfinityEdge+SteraksGage+LastWhisper+Deathblade+StrikersFlail
LeBlanc	4.4315	11.5	VoidStaff+SpearOfShojin+Morellonomicon+JeweledGauntlet+RedBuff
Sejuani	4.7557	11.5	GargoyleStoneplate+WarmogsArmor+SpiritVisage+ThiefsGloves+Crownguard
Malphite	4.6057	11.5	GargoyleStoneplate+WarmogsArmor+Crownguard+SpiritVisage+SteadfastHeart
Hecarim	4.7097	11.3	GargoyleStoneplate+WarmogsArmor+SpiritVisage+ProtectorsVow+SunfireCape
Draven	4.275	10.1	GuinsoosRageblade+KrakensFury+InfinityEdge+Deathblade+LastWhisper
Sentry	4.4958	9.1	ArchangelsStaff+JeweledGauntlet+BlueBuff+RabadonsDeathcap+VoidStaff
Rammus	4.4571	8.9	GargoyleStoneplate+WarmogsArmor+SpiritVisage+Crownguard+SteadfastHeart
Cassiopeia	4.416	8.5	HextechGunblade+ArchangelsStaff+VoidStaff+SpearOfShojin+Morellonomicon
Karma	4.6933	8.4	JeweledGauntlet+SpearOfShojin+VoidStaff+RabadonsDeathcap+GiantSlayer
Lillia	4.6101	7.4	GargoyleStoneplate+ProtectorsVow+WarmogsArmor+SpiritVisage+ThiefsGloves
Shen	4.8543	5.8	ThiefsGloves+GargoyleStoneplate+WarmogsArmor+SpiritVisage+SunfireCape
Brambleback	4.4025	5.6	EdgeOfNight+SteraksGage+18_EmblemRapidfire+Quicksilver+HandOfJustice
KhaZix	4.4327	5.4	HandOfJustice+RabadonsDeathcap+EdgeOfNight+JeweledGauntlet+NashorsTooth
Teemo	4.382	5.4	VoidStaff+SpearOfShojin+JeweledGauntlet+Morellonomicon+RedBuff
Yunara	4.7712	5.1	SpearOfShojin+LastWhisper+Deathblade+InfinityEdge+18_EmblemBlackthorn
Xayah	4.8625	4.4	GuinsoosRageblade+InfinityEdge+KrakensFury+Deathblade+LastWhisper
CrimsonRaptor	4.6122	3.7	LastWhisper+GuinsoosRageblade+InfinityEdge+KrakensFury+RedBuff
Leona	4.8385	3.7	GargoyleStoneplate+WarmogsArmor+SpiritVisage+ThiefsGloves+SunfireCape
Elise	5.3698	3.6	GargoyleStoneplate+GuinsoosRageblade+TitansResolve+WarmogsArmor+18_EmblemSlayer
Cinderling	4.8782	3.5	InfinityEdge+LastWhisper+SpearOfShojin+BlueBuff+Deathblade
Tristana	4.9907	3.2	GuinsoosRageblade+InfinityEdge+HextechGunblade+LastWhisper+KrakensFury
Murkwolf	4.6603	3.2	HandOfJustice+EdgeOfNight+InfinityEdge+SteraksGage+Quicksilver
Rengar	4.6	2.8	GuinsoosRageblade+EdgeOfNight+TitansResolve+18_EmblemDefender+SteraksGage
Akali	5.09	2.4	HandOfJustice+EdgeOfNight+JeweledGauntlet+InfinityEdge+RabadonsDeathcap
Kayle	4.7681	2.3	GuinsoosRageblade+JeweledGauntlet+HextechGunblade+RedBuff+GiantSlayer
MasterYi	4.7438	2.3	GuinsoosRageblade+18_EmblemBrawler+EdgeOfNight+TitansResolve+Quicksilver
Caitlyn	5.3405	2.2	GuinsoosRageblade+KrakensFury+HextechGunblade+Deathblade+InfinityEdge
Kobuko	4.7286	2.0	GargoyleStoneplate+WarmogsArmor+ThiefsGloves+SpiritVisage+SunfireCape
Warwick	4.6529	2.0	SpearOfShojin+TitansResolve+SteraksGage+Quicksilver+EdgeOfNight
Camille	5.7015	1.6	SteraksGage+InfinityEdge+EdgeOfNight+HandOfJustice+TitansResolve
Gromp	4.8308	1.4	SpearOfShojin+JeweledGauntlet+InfinityEdge+BlueBuff+GuinsoosRageblade
